// Validating benchmarks:
// ***** BenchmarkRunner: Start   *****
// ***** Found 6 benchmark(s) in total *****
// ***** Building 1 exe(s) in Parallel: Start   *****
// start dotnet  restore /p:UseSharedCompilation=false /p:BuildInParallel=false /m:1 /p:Deterministic=true /p:Optimize=true /p:IntermediateOutputPath="C:\Programming\projects\arcmantle\weave\packages\core\changelog\changelog-net\Changelog.Benchmarks\bin\Release\net10.0\4586ca6b-4acc-4e50-bedd-392f9eb228fd\obj\Release\net10.0/" /p:OutDir="C:\Programming\projects\arcmantle\weave\packages\core\changelog\changelog-net\Changelog.Benchmarks\bin\Release\net10.0\4586ca6b-4acc-4e50-bedd-392f9eb228fd\bin\Release\net10.0/" /p:OutputPath="C:\Programming\projects\arcmantle\weave\packages\core\changelog\changelog-net\Changelog.Benchmarks\bin\Release\net10.0\4586ca6b-4acc-4e50-bedd-392f9eb228fd\bin\Release\net10.0/" in C:\Programming\projects\arcmantle\weave\packages\core\changelog\changelog-net\Changelog.Benchmarks\bin\Release\net10.0\4586ca6b-4acc-4e50-bedd-392f9eb228fd
// command took 1.77 sec and exited with 0
// start dotnet  build -c Release --no-restore /p:UseSharedCompilation=false /p:BuildInParallel=false /m:1 /p:Deterministic=true /p:Optimize=true /p:IntermediateOutputPath="C:\Programming\projects\arcmantle\weave\packages\core\changelog\changelog-net\Changelog.Benchmarks\bin\Release\net10.0\4586ca6b-4acc-4e50-bedd-392f9eb228fd\obj\Release\net10.0/" /p:OutDir="C:\Programming\projects\arcmantle\weave\packages\core\changelog\changelog-net\Changelog.Benchmarks\bin\Release\net10.0\4586ca6b-4acc-4e50-bedd-392f9eb228fd\bin\Release\net10.0/" /p:OutputPath="C:\Programming\projects\arcmantle\weave\packages\core\changelog\changelog-net\Changelog.Benchmarks\bin\Release\net10.0\4586ca6b-4acc-4e50-bedd-392f9eb228fd\bin\Release\net10.0/" --output "C:\Programming\projects\arcmantle\weave\packages\core\changelog\changelog-net\Changelog.Benchmarks\bin\Release\net10.0\4586ca6b-4acc-4e50-bedd-392f9eb228fd\bin\Release\net10.0/" in C:\Programming\projects\arcmantle\weave\packages\core\changelog\changelog-net\Changelog.Benchmarks\bin\Release\net10.0\4586ca6b-4acc-4e50-bedd-392f9eb228fd
// command took 11.03 sec and exited with 0
// ***** Done, took 00:00:12 (12.89 sec)   *****
// Found 6 benchmarks:
//   SqliteBenchmarks.GetDocumentAsync: DefaultJob [ChangeCount=10000, GroupSize=1000, StorageMode=sqlite]
//   SqliteBenchmarks.GetDocumentAsync: DefaultJob [ChangeCount=10000, GroupSize=1000, StorageMode=sqlite+cache]
//   SqliteBenchmarks.GetDocumentAsync: DefaultJob [ChangeCount=100000, GroupSize=1000, StorageMode=sqlite]
//   SqliteBenchmarks.GetDocumentAsync: DefaultJob [ChangeCount=100000, GroupSize=1000, StorageMode=sqlite+cache]
//   SqliteBenchmarks.GetDocumentAsync: DefaultJob [ChangeCount=1000000, GroupSize=1000, StorageMode=sqlite]
//   SqliteBenchmarks.GetDocumentAsync: DefaultJob [ChangeCount=1000000, GroupSize=1000, StorageMode=sqlite+cache]

Setup power plan (GUID: 8c5e7fda-e8bf-4a96-9a85-a6e23a8c635c FriendlyName: High performance)
// **************************
// Benchmark: SqliteBenchmarks.GetDocumentAsync: DefaultJob [ChangeCount=10000, GroupSize=1000, StorageMode=sqlite]
// *** Execute ***
// Launch: 1 / 1
// Execute: dotnet 4586ca6b-4acc-4e50-bedd-392f9eb228fd.dll --anonymousPipes 1440 1756 --benchmarkName "Changelog.Benchmarks.SqliteBenchmarks.GetDocumentAsync(ChangeCount: 10000, GroupSize: 1000, StorageMode: \"sqlite\")" --job Default --benchmarkId 0 in C:\Programming\projects\arcmantle\weave\packages\core\changelog\changelog-net\Changelog.Benchmarks\bin\Release\net10.0\4586ca6b-4acc-4e50-bedd-392f9eb228fd\bin\Release\net10.0
// BeforeAnythingElse

// Benchmark Process Environment Information:
// BenchmarkDotNet v0.14.0
// Runtime=.NET 10.0.1 (10.0.125.57005), X64 RyuJIT AVX2
// GC=Concurrent Workstation
// HardwareIntrinsics=AVX2,AES,BMI1,BMI2,FMA,LZCNT,PCLMUL,POPCNT VectorSize=256
// Job: DefaultJob

Dataset generation complete in 0.2s
OverheadJitting  1: 1 op, 455900.00 ns, 455.9000 us/op
WorkloadJitting  1: 1 op, 15212000.00 ns, 15.2120 ms/op

OverheadJitting  2: 16 op, 1614300.00 ns, 100.8938 us/op
WorkloadJitting  2: 16 op, 3044700.00 ns, 190.2938 us/op

WorkloadPilot    1: 16 op, 4335300.00 ns, 270.9563 us/op
WorkloadPilot    2: 32 op, 3164200.00 ns, 98.8813 us/op
WorkloadPilot    3: 64 op, 7722100.00 ns, 120.6578 us/op
WorkloadPilot    4: 128 op, 13228400.00 ns, 103.3469 us/op
WorkloadPilot    5: 256 op, 30014100.00 ns, 117.2426 us/op
WorkloadPilot    6: 512 op, 62228400.00 ns, 121.5398 us/op
WorkloadPilot    7: 1024 op, 129335600.00 ns, 126.3043 us/op
WorkloadPilot    8: 2048 op, 262428500.00 ns, 128.1389 us/op
WorkloadPilot    9: 4096 op, 380504500.00 ns, 92.8966 us/op
WorkloadPilot   10: 8192 op, 519830300.00 ns, 63.4558 us/op

OverheadWarmup   1: 8192 op, 33200.00 ns, 4.0527 ns/op
OverheadWarmup   2: 8192 op, 27400.00 ns, 3.3447 ns/op
OverheadWarmup   3: 8192 op, 31500.00 ns, 3.8452 ns/op
OverheadWarmup   4: 8192 op, 27200.00 ns, 3.3203 ns/op
OverheadWarmup   5: 8192 op, 29200.00 ns, 3.5645 ns/op
OverheadWarmup   6: 8192 op, 26700.00 ns, 3.2593 ns/op

OverheadActual   1: 8192 op, 26500.00 ns, 3.2349 ns/op
OverheadActual   2: 8192 op, 27100.00 ns, 3.3081 ns/op
OverheadActual   3: 8192 op, 32200.00 ns, 3.9307 ns/op
OverheadActual   4: 8192 op, 27200.00 ns, 3.3203 ns/op
OverheadActual   5: 8192 op, 26600.00 ns, 3.2471 ns/op
OverheadActual   6: 8192 op, 26800.00 ns, 3.2715 ns/op
OverheadActual   7: 8192 op, 26700.00 ns, 3.2593 ns/op
OverheadActual   8: 8192 op, 26800.00 ns, 3.2715 ns/op
OverheadActual   9: 8192 op, 27300.00 ns, 3.3325 ns/op
OverheadActual  10: 8192 op, 27000.00 ns, 3.2959 ns/op
OverheadActual  11: 8192 op, 31600.00 ns, 3.8574 ns/op
OverheadActual  12: 8192 op, 30900.00 ns, 3.7720 ns/op
OverheadActual  13: 8192 op, 30800.00 ns, 3.7598 ns/op
OverheadActual  14: 8192 op, 30700.00 ns, 3.7476 ns/op
OverheadActual  15: 8192 op, 29600.00 ns, 3.6133 ns/op
OverheadActual  16: 8192 op, 29600.00 ns, 3.6133 ns/op
OverheadActual  17: 8192 op, 31100.00 ns, 3.7964 ns/op
OverheadActual  18: 8192 op, 29200.00 ns, 3.5645 ns/op
OverheadActual  19: 8192 op, 34100.00 ns, 4.1626 ns/op
OverheadActual  20: 8192 op, 29100.00 ns, 3.5522 ns/op

WorkloadWarmup   1: 8192 op, 532266200.00 ns, 64.9739 us/op
WorkloadWarmup   2: 8192 op, 596788300.00 ns, 72.8501 us/op
WorkloadWarmup   3: 8192 op, 506860600.00 ns, 61.8726 us/op
WorkloadWarmup   4: 8192 op, 493355200.00 ns, 60.2240 us/op
WorkloadWarmup   5: 8192 op, 484306600.00 ns, 59.1195 us/op
WorkloadWarmup   6: 8192 op, 522271700.00 ns, 63.7539 us/op
WorkloadWarmup   7: 8192 op, 634879000.00 ns, 77.4999 us/op
WorkloadWarmup   8: 8192 op, 509740700.00 ns, 62.2242 us/op

// BeforeActualRun
WorkloadActual   1: 8192 op, 506785500.00 ns, 61.8635 us/op
WorkloadActual   2: 8192 op, 500960500.00 ns, 61.1524 us/op
WorkloadActual   3: 8192 op, 555588700.00 ns, 67.8209 us/op
WorkloadActual   4: 8192 op, 627200400.00 ns, 76.5625 us/op
WorkloadActual   5: 8192 op, 728155100.00 ns, 88.8861 us/op
WorkloadActual   6: 8192 op, 660194400.00 ns, 80.5901 us/op
WorkloadActual   7: 8192 op, 609713300.00 ns, 74.4279 us/op
WorkloadActual   8: 8192 op, 493425000.00 ns, 60.2325 us/op
WorkloadActual   9: 8192 op, 549215200.00 ns, 67.0429 us/op
WorkloadActual  10: 8192 op, 564710700.00 ns, 68.9344 us/op
WorkloadActual  11: 8192 op, 511834300.00 ns, 62.4798 us/op
WorkloadActual  12: 8192 op, 543706700.00 ns, 66.3704 us/op
WorkloadActual  13: 8192 op, 491060700.00 ns, 59.9439 us/op
WorkloadActual  14: 8192 op, 485550100.00 ns, 59.2713 us/op
WorkloadActual  15: 8192 op, 493833400.00 ns, 60.2824 us/op
WorkloadActual  16: 8192 op, 495249800.00 ns, 60.4553 us/op
WorkloadActual  17: 8192 op, 574963600.00 ns, 70.1860 us/op
WorkloadActual  18: 8192 op, 535232200.00 ns, 65.3360 us/op
WorkloadActual  19: 8192 op, 537549100.00 ns, 65.6188 us/op
WorkloadActual  20: 8192 op, 600974600.00 ns, 73.3612 us/op
WorkloadActual  21: 8192 op, 524996500.00 ns, 64.0865 us/op
WorkloadActual  22: 8192 op, 546771300.00 ns, 66.7445 us/op
WorkloadActual  23: 8192 op, 500771800.00 ns, 61.1294 us/op
WorkloadActual  24: 8192 op, 501843200.00 ns, 61.2602 us/op
WorkloadActual  25: 8192 op, 538825400.00 ns, 65.7746 us/op
WorkloadActual  26: 8192 op, 478744600.00 ns, 58.4405 us/op
WorkloadActual  27: 8192 op, 488170900.00 ns, 59.5912 us/op
WorkloadActual  28: 8192 op, 474149100.00 ns, 57.8795 us/op
WorkloadActual  29: 8192 op, 545740500.00 ns, 66.6187 us/op
WorkloadActual  30: 8192 op, 611708300.00 ns, 74.6714 us/op
WorkloadActual  31: 8192 op, 617476400.00 ns, 75.3755 us/op
WorkloadActual  32: 8192 op, 535634500.00 ns, 65.3851 us/op
WorkloadActual  33: 8192 op, 606181400.00 ns, 73.9968 us/op
WorkloadActual  34: 8192 op, 601225900.00 ns, 73.3918 us/op
WorkloadActual  35: 8192 op, 568696600.00 ns, 69.4210 us/op
WorkloadActual  36: 8192 op, 657961200.00 ns, 80.3175 us/op
WorkloadActual  37: 8192 op, 589730500.00 ns, 71.9886 us/op
WorkloadActual  38: 8192 op, 538917700.00 ns, 65.7859 us/op
WorkloadActual  39: 8192 op, 543338100.00 ns, 66.3255 us/op
WorkloadActual  40: 8192 op, 616007400.00 ns, 75.1962 us/op
WorkloadActual  41: 8192 op, 506581100.00 ns, 61.8385 us/op
WorkloadActual  42: 8192 op, 493632400.00 ns, 60.2579 us/op
WorkloadActual  43: 8192 op, 476471200.00 ns, 58.1630 us/op
WorkloadActual  44: 8192 op, 516395100.00 ns, 63.0365 us/op
WorkloadActual  45: 8192 op, 478462100.00 ns, 58.4060 us/op
WorkloadActual  46: 8192 op, 465945500.00 ns, 56.8781 us/op
WorkloadActual  47: 8192 op, 468190200.00 ns, 57.1521 us/op
WorkloadActual  48: 8192 op, 479748700.00 ns, 58.5631 us/op
WorkloadActual  49: 8192 op, 579004300.00 ns, 70.6792 us/op
WorkloadActual  50: 8192 op, 550351400.00 ns, 67.1816 us/op
WorkloadActual  51: 8192 op, 531686800.00 ns, 64.9032 us/op
WorkloadActual  52: 8192 op, 640468700.00 ns, 78.1822 us/op
WorkloadActual  53: 8192 op, 540138200.00 ns, 65.9348 us/op
WorkloadActual  54: 8192 op, 494166400.00 ns, 60.3230 us/op
WorkloadActual  55: 8192 op, 497831600.00 ns, 60.7705 us/op
WorkloadActual  56: 8192 op, 523841300.00 ns, 63.9455 us/op
WorkloadActual  57: 8192 op, 572121100.00 ns, 69.8390 us/op
WorkloadActual  58: 8192 op, 481313400.00 ns, 58.7541 us/op
WorkloadActual  59: 8192 op, 478341300.00 ns, 58.3913 us/op
WorkloadActual  60: 8192 op, 473436500.00 ns, 57.7925 us/op
WorkloadActual  61: 8192 op, 540521300.00 ns, 65.9816 us/op
WorkloadActual  62: 8192 op, 548569900.00 ns, 66.9641 us/op
WorkloadActual  63: 8192 op, 485937100.00 ns, 59.3185 us/op
WorkloadActual  64: 8192 op, 485037800.00 ns, 59.2087 us/op
WorkloadActual  65: 8192 op, 477139500.00 ns, 58.2446 us/op
WorkloadActual  66: 8192 op, 488491700.00 ns, 59.6303 us/op
WorkloadActual  67: 8192 op, 487823000.00 ns, 59.5487 us/op
WorkloadActual  68: 8192 op, 476708000.00 ns, 58.1919 us/op
WorkloadActual  69: 8192 op, 563787900.00 ns, 68.8218 us/op
WorkloadActual  70: 8192 op, 500675800.00 ns, 61.1177 us/op
WorkloadActual  71: 8192 op, 482044300.00 ns, 58.8433 us/op
WorkloadActual  72: 8192 op, 504160500.00 ns, 61.5430 us/op
WorkloadActual  73: 8192 op, 553970100.00 ns, 67.6233 us/op
WorkloadActual  74: 8192 op, 492947400.00 ns, 60.1742 us/op
WorkloadActual  75: 8192 op, 483587400.00 ns, 59.0317 us/op
WorkloadActual  76: 8192 op, 485366800.00 ns, 59.2489 us/op
WorkloadActual  77: 8192 op, 564524400.00 ns, 68.9117 us/op
WorkloadActual  78: 8192 op, 539050600.00 ns, 65.8021 us/op
WorkloadActual  79: 8192 op, 482907100.00 ns, 58.9486 us/op
WorkloadActual  80: 8192 op, 481976000.00 ns, 58.8350 us/op
WorkloadActual  81: 8192 op, 520518900.00 ns, 63.5399 us/op
WorkloadActual  82: 8192 op, 595298000.00 ns, 72.6682 us/op
WorkloadActual  83: 8192 op, 508865000.00 ns, 62.1173 us/op
WorkloadActual  84: 8192 op, 487878600.00 ns, 59.5555 us/op
WorkloadActual  85: 8192 op, 480381500.00 ns, 58.6403 us/op
WorkloadActual  86: 8192 op, 521580300.00 ns, 63.6695 us/op
WorkloadActual  87: 8192 op, 573033200.00 ns, 69.9503 us/op
WorkloadActual  88: 8192 op, 534774200.00 ns, 65.2801 us/op
WorkloadActual  89: 8192 op, 504019900.00 ns, 61.5259 us/op
WorkloadActual  90: 8192 op, 592219000.00 ns, 72.2924 us/op
WorkloadActual  91: 8192 op, 516009700.00 ns, 62.9895 us/op
WorkloadActual  92: 8192 op, 503241400.00 ns, 61.4308 us/op
WorkloadActual  93: 8192 op, 593143200.00 ns, 72.4052 us/op
WorkloadActual  94: 8192 op, 490991700.00 ns, 59.9355 us/op
WorkloadActual  95: 8192 op, 484873800.00 ns, 59.1887 us/op
WorkloadActual  96: 8192 op, 528073800.00 ns, 64.4621 us/op
WorkloadActual  97: 8192 op, 505625700.00 ns, 61.7219 us/op
WorkloadActual  98: 8192 op, 554359400.00 ns, 67.6708 us/op
WorkloadActual  99: 8192 op, 492112200.00 ns, 60.0723 us/op
WorkloadActual  100: 8192 op, 476523000.00 ns, 58.1693 us/op

// AfterActualRun
WorkloadResult   1: 8192 op, 506756350.00 ns, 61.8599 us/op
WorkloadResult   2: 8192 op, 500931350.00 ns, 61.1488 us/op
WorkloadResult   3: 8192 op, 555559550.00 ns, 67.8173 us/op
WorkloadResult   4: 8192 op, 627171250.00 ns, 76.5590 us/op
WorkloadResult   5: 8192 op, 609684150.00 ns, 74.4243 us/op
WorkloadResult   6: 8192 op, 493395850.00 ns, 60.2290 us/op
WorkloadResult   7: 8192 op, 549186050.00 ns, 67.0393 us/op
WorkloadResult   8: 8192 op, 564681550.00 ns, 68.9309 us/op
WorkloadResult   9: 8192 op, 511805150.00 ns, 62.4762 us/op
WorkloadResult  10: 8192 op, 543677550.00 ns, 66.3669 us/op
WorkloadResult  11: 8192 op, 491031550.00 ns, 59.9404 us/op
WorkloadResult  12: 8192 op, 485520950.00 ns, 59.2677 us/op
WorkloadResult  13: 8192 op, 493804250.00 ns, 60.2788 us/op
WorkloadResult  14: 8192 op, 495220650.00 ns, 60.4517 us/op
WorkloadResult  15: 8192 op, 574934450.00 ns, 70.1824 us/op
WorkloadResult  16: 8192 op, 535203050.00 ns, 65.3324 us/op
WorkloadResult  17: 8192 op, 537519950.00 ns, 65.6152 us/op
WorkloadResult  18: 8192 op, 600945450.00 ns, 73.3576 us/op
WorkloadResult  19: 8192 op, 524967350.00 ns, 64.0829 us/op
WorkloadResult  20: 8192 op, 546742150.00 ns, 66.7410 us/op
WorkloadResult  21: 8192 op, 500742650.00 ns, 61.1258 us/op
WorkloadResult  22: 8192 op, 501814050.00 ns, 61.2566 us/op
WorkloadResult  23: 8192 op, 538796250.00 ns, 65.7710 us/op
WorkloadResult  24: 8192 op, 478715450.00 ns, 58.4369 us/op
WorkloadResult  25: 8192 op, 488141750.00 ns, 59.5876 us/op
WorkloadResult  26: 8192 op, 474119950.00 ns, 57.8760 us/op
WorkloadResult  27: 8192 op, 545711350.00 ns, 66.6152 us/op
WorkloadResult  28: 8192 op, 611679150.00 ns, 74.6679 us/op
WorkloadResult  29: 8192 op, 617447250.00 ns, 75.3720 us/op
WorkloadResult  30: 8192 op, 535605350.00 ns, 65.3815 us/op
WorkloadResult  31: 8192 op, 606152250.00 ns, 73.9932 us/op
WorkloadResult  32: 8192 op, 601196750.00 ns, 73.3883 us/op
WorkloadResult  33: 8192 op, 568667450.00 ns, 69.4174 us/op
WorkloadResult  34: 8192 op, 589701350.00 ns, 71.9850 us/op
WorkloadResult  35: 8192 op, 538888550.00 ns, 65.7823 us/op
WorkloadResult  36: 8192 op, 543308950.00 ns, 66.3219 us/op
WorkloadResult  37: 8192 op, 615978250.00 ns, 75.1927 us/op
WorkloadResult  38: 8192 op, 506551950.00 ns, 61.8350 us/op
WorkloadResult  39: 8192 op, 493603250.00 ns, 60.2543 us/op
WorkloadResult  40: 8192 op, 476442050.00 ns, 58.1594 us/op
WorkloadResult  41: 8192 op, 516365950.00 ns, 63.0330 us/op
WorkloadResult  42: 8192 op, 478432950.00 ns, 58.4025 us/op
WorkloadResult  43: 8192 op, 465916350.00 ns, 56.8746 us/op
WorkloadResult  44: 8192 op, 468161050.00 ns, 57.1486 us/op
WorkloadResult  45: 8192 op, 479719550.00 ns, 58.5595 us/op
WorkloadResult  46: 8192 op, 578975150.00 ns, 70.6757 us/op
WorkloadResult  47: 8192 op, 550322250.00 ns, 67.1780 us/op
WorkloadResult  48: 8192 op, 531657650.00 ns, 64.8996 us/op
WorkloadResult  49: 8192 op, 640439550.00 ns, 78.1787 us/op
WorkloadResult  50: 8192 op, 540109050.00 ns, 65.9313 us/op
WorkloadResult  51: 8192 op, 494137250.00 ns, 60.3195 us/op
WorkloadResult  52: 8192 op, 497802450.00 ns, 60.7669 us/op
WorkloadResult  53: 8192 op, 523812150.00 ns, 63.9419 us/op
WorkloadResult  54: 8192 op, 572091950.00 ns, 69.8354 us/op
WorkloadResult  55: 8192 op, 481284250.00 ns, 58.7505 us/op
WorkloadResult  56: 8192 op, 478312150.00 ns, 58.3877 us/op
WorkloadResult  57: 8192 op, 473407350.00 ns, 57.7890 us/op
WorkloadResult  58: 8192 op, 540492150.00 ns, 65.9780 us/op
WorkloadResult  59: 8192 op, 548540750.00 ns, 66.9605 us/op
WorkloadResult  60: 8192 op, 485907950.00 ns, 59.3149 us/op
WorkloadResult  61: 8192 op, 485008650.00 ns, 59.2052 us/op
WorkloadResult  62: 8192 op, 477110350.00 ns, 58.2410 us/op
WorkloadResult  63: 8192 op, 488462550.00 ns, 59.6268 us/op
WorkloadResult  64: 8192 op, 487793850.00 ns, 59.5451 us/op
WorkloadResult  65: 8192 op, 476678850.00 ns, 58.1883 us/op
WorkloadResult  66: 8192 op, 563758750.00 ns, 68.8182 us/op
WorkloadResult  67: 8192 op, 500646650.00 ns, 61.1141 us/op
WorkloadResult  68: 8192 op, 482015150.00 ns, 58.8397 us/op
WorkloadResult  69: 8192 op, 504131350.00 ns, 61.5395 us/op
WorkloadResult  70: 8192 op, 553940950.00 ns, 67.6197 us/op
WorkloadResult  71: 8192 op, 492918250.00 ns, 60.1707 us/op
WorkloadResult  72: 8192 op, 483558250.00 ns, 59.0281 us/op
WorkloadResult  73: 8192 op, 485337650.00 ns, 59.2453 us/op
WorkloadResult  74: 8192 op, 564495250.00 ns, 68.9081 us/op
WorkloadResult  75: 8192 op, 539021450.00 ns, 65.7985 us/op
WorkloadResult  76: 8192 op, 482877950.00 ns, 58.9451 us/op
WorkloadResult  77: 8192 op, 481946850.00 ns, 58.8314 us/op
WorkloadResult  78: 8192 op, 520489750.00 ns, 63.5363 us/op
WorkloadResult  79: 8192 op, 595268850.00 ns, 72.6647 us/op
WorkloadResult  80: 8192 op, 508835850.00 ns, 62.1138 us/op
WorkloadResult  81: 8192 op, 487849450.00 ns, 59.5519 us/op
WorkloadResult  82: 8192 op, 480352350.00 ns, 58.6368 us/op
WorkloadResult  83: 8192 op, 521551150.00 ns, 63.6659 us/op
WorkloadResult  84: 8192 op, 573004050.00 ns, 69.9468 us/op
WorkloadResult  85: 8192 op, 534745050.00 ns, 65.2765 us/op
WorkloadResult  86: 8192 op, 503990750.00 ns, 61.5223 us/op
WorkloadResult  87: 8192 op, 592189850.00 ns, 72.2888 us/op
WorkloadResult  88: 8192 op, 515980550.00 ns, 62.9859 us/op
WorkloadResult  89: 8192 op, 503212250.00 ns, 61.4273 us/op
WorkloadResult  90: 8192 op, 593114050.00 ns, 72.4016 us/op
WorkloadResult  91: 8192 op, 490962550.00 ns, 59.9320 us/op
WorkloadResult  92: 8192 op, 484844650.00 ns, 59.1851 us/op
WorkloadResult  93: 8192 op, 528044650.00 ns, 64.4586 us/op
WorkloadResult  94: 8192 op, 505596550.00 ns, 61.7183 us/op
WorkloadResult  95: 8192 op, 554330250.00 ns, 67.6673 us/op
WorkloadResult  96: 8192 op, 492083050.00 ns, 60.0687 us/op
WorkloadResult  97: 8192 op, 476493850.00 ns, 58.1658 us/op
// GC:  2 0 0 24511536 8192
// Threading:  0 0 8192

// AfterAll
// Benchmark Process 35016 has exited with code 0.

Mean = 64.106 μs, StdErr = 0.545 μs (0.85%), N = 97, StdDev = 5.363 μs
Min = 56.875 μs, Q1 = 59.552 μs, Median = 62.476 μs, Q3 = 67.178 μs, Max = 78.179 μs
IQR = 7.626 μs, LowerFence = 48.113 μs, UpperFence = 78.617 μs
ConfidenceInterval = [62.258 μs; 65.955 μs] (CI 99.9%), Margin = 1.849 μs (2.88% of Mean)
Skewness = 0.73, Kurtosis = 2.48, MValue = 2.28

// ** Remained 5 (83.3%) benchmark(s) to run. Estimated finish 2026-01-02 20:52 (0h 5m from now) **
Setup power plan (GUID: 8c5e7fda-e8bf-4a96-9a85-a6e23a8c635c FriendlyName: High performance)
// **************************
// Benchmark: SqliteBenchmarks.GetDocumentAsync: DefaultJob [ChangeCount=10000, GroupSize=1000, StorageMode=sqlite+cache]
// *** Execute ***
// Launch: 1 / 1
// Execute: dotnet 4586ca6b-4acc-4e50-bedd-392f9eb228fd.dll --anonymousPipes 1212 1804 --benchmarkName "Changelog.Benchmarks.SqliteBenchmarks.GetDocumentAsync(ChangeCount: 10000, GroupSize: 1000, StorageMode: \"sqlite+cache\")" --job Default --benchmarkId 1 in C:\Programming\projects\arcmantle\weave\packages\core\changelog\changelog-net\Changelog.Benchmarks\bin\Release\net10.0\4586ca6b-4acc-4e50-bedd-392f9eb228fd\bin\Release\net10.0
// BeforeAnythingElse

// Benchmark Process Environment Information:
// BenchmarkDotNet v0.14.0
// Runtime=.NET 10.0.1 (10.0.125.57005), X64 RyuJIT AVX2
// GC=Concurrent Workstation
// HardwareIntrinsics=AVX2,AES,BMI1,BMI2,FMA,LZCNT,PCLMUL,POPCNT VectorSize=256
// Job: DefaultJob

OverheadJitting  1: 1 op, 258200.00 ns, 258.2000 us/op
WorkloadJitting  1: 1 op, 38220800.00 ns, 38.2208 ms/op

WorkloadPilot    1: 2 op, 195900.00 ns, 97.9500 us/op
WorkloadPilot    2: 3 op, 79300.00 ns, 26.4333 us/op
WorkloadPilot    3: 4 op, 53600.00 ns, 13.4000 us/op
WorkloadPilot    4: 5 op, 47400.00 ns, 9.4800 us/op
WorkloadPilot    5: 6 op, 46400.00 ns, 7.7333 us/op
WorkloadPilot    6: 7 op, 55500.00 ns, 7.9286 us/op
WorkloadPilot    7: 8 op, 75200.00 ns, 9.4000 us/op
WorkloadPilot    8: 9 op, 63300.00 ns, 7.0333 us/op
WorkloadPilot    9: 10 op, 66900.00 ns, 6.6900 us/op
WorkloadPilot   10: 11 op, 71800.00 ns, 6.5273 us/op
WorkloadPilot   11: 12 op, 78600.00 ns, 6.5500 us/op
WorkloadPilot   12: 13 op, 89300.00 ns, 6.8692 us/op
WorkloadPilot   13: 14 op, 100500.00 ns, 7.1786 us/op
WorkloadPilot   14: 15 op, 99600.00 ns, 6.6400 us/op
WorkloadPilot   15: 16 op, 100000.00 ns, 6.2500 us/op
WorkloadPilot   16: 32 op, 188700.00 ns, 5.8969 us/op
WorkloadPilot   17: 64 op, 413800.00 ns, 6.4656 us/op
WorkloadPilot   18: 128 op, 718800.00 ns, 5.6156 us/op
WorkloadPilot   19: 256 op, 1355100.00 ns, 5.2934 us/op
WorkloadPilot   20: 512 op, 2818100.00 ns, 5.5041 us/op
WorkloadPilot   21: 1024 op, 5721900.00 ns, 5.5878 us/op
WorkloadPilot   22: 2048 op, 13474900.00 ns, 6.5795 us/op
WorkloadPilot   23: 4096 op, 22598500.00 ns, 5.5172 us/op
WorkloadPilot   24: 8192 op, 44565500.00 ns, 5.4401 us/op
WorkloadPilot   25: 16384 op, 81712200.00 ns, 4.9873 us/op
WorkloadPilot   26: 32768 op, 137273700.00 ns, 4.1893 us/op
WorkloadPilot   27: 65536 op, 222331500.00 ns, 3.3925 us/op
WorkloadPilot   28: 131072 op, 403171300.00 ns, 3.0760 us/op
WorkloadPilot   29: 262144 op, 378660000.00 ns, 1.4445 us/op
WorkloadPilot   30: 524288 op, 526272900.00 ns, 1.0038 us/op

WorkloadWarmup   1: 524288 op, 618942000.00 ns, 1.1805 us/op
WorkloadWarmup   2: 524288 op, 550758300.00 ns, 1.0505 us/op
WorkloadWarmup   3: 524288 op, 539957800.00 ns, 1.0299 us/op
WorkloadWarmup   4: 524288 op, 532302400.00 ns, 1.0153 us/op
WorkloadWarmup   5: 524288 op, 639135800.00 ns, 1.2191 us/op
WorkloadWarmup   6: 524288 op, 545756300.00 ns, 1.0409 us/op
WorkloadWarmup   7: 524288 op, 540407600.00 ns, 1.0307 us/op
WorkloadWarmup   8: 524288 op, 543593300.00 ns, 1.0368 us/op
WorkloadWarmup   9: 524288 op, 557269100.00 ns, 1.0629 us/op
WorkloadWarmup  10: 524288 op, 628141200.00 ns, 1.1981 us/op
WorkloadWarmup  11: 524288 op, 519464700.00 ns, 990.8003 ns/op

// BeforeActualRun
WorkloadActual   1: 524288 op, 531107200.00 ns, 1.0130 us/op
WorkloadActual   2: 524288 op, 525787300.00 ns, 1.0029 us/op
WorkloadActual   3: 524288 op, 533467900.00 ns, 1.0175 us/op
WorkloadActual   4: 524288 op, 613876300.00 ns, 1.1709 us/op
WorkloadActual   5: 524288 op, 532592900.00 ns, 1.0158 us/op
WorkloadActual   6: 524288 op, 521736200.00 ns, 995.1328 ns/op
WorkloadActual   7: 524288 op, 528575700.00 ns, 1.0082 us/op
WorkloadActual   8: 524288 op, 593876600.00 ns, 1.1327 us/op
WorkloadActual   9: 524288 op, 582010800.00 ns, 1.1101 us/op
WorkloadActual  10: 524288 op, 540556200.00 ns, 1.0310 us/op
WorkloadActual  11: 524288 op, 527661400.00 ns, 1.0064 us/op
WorkloadActual  12: 524288 op, 571309900.00 ns, 1.0897 us/op
WorkloadActual  13: 524288 op, 654275300.00 ns, 1.2479 us/op
WorkloadActual  14: 524288 op, 550552000.00 ns, 1.0501 us/op
WorkloadActual  15: 524288 op, 548844100.00 ns, 1.0468 us/op
WorkloadActual  16: 524288 op, 650236000.00 ns, 1.2402 us/op
WorkloadActual  17: 524288 op, 553163100.00 ns, 1.0551 us/op
WorkloadActual  18: 524288 op, 542217800.00 ns, 1.0342 us/op
WorkloadActual  19: 524288 op, 645993400.00 ns, 1.2321 us/op
WorkloadActual  20: 524288 op, 558948100.00 ns, 1.0661 us/op
WorkloadActual  21: 524288 op, 568741500.00 ns, 1.0848 us/op
WorkloadActual  22: 524288 op, 620091000.00 ns, 1.1827 us/op
WorkloadActual  23: 524288 op, 514173800.00 ns, 980.7087 ns/op
WorkloadActual  24: 524288 op, 524591000.00 ns, 1.0006 us/op
WorkloadActual  25: 524288 op, 515120000.00 ns, 982.5134 ns/op
WorkloadActual  26: 524288 op, 664512700.00 ns, 1.2675 us/op
WorkloadActual  27: 524288 op, 524708700.00 ns, 1.0008 us/op
WorkloadActual  28: 524288 op, 554493700.00 ns, 1.0576 us/op
WorkloadActual  29: 524288 op, 662787300.00 ns, 1.2642 us/op
WorkloadActual  30: 524288 op, 561838600.00 ns, 1.0716 us/op
WorkloadActual  31: 524288 op, 662561500.00 ns, 1.2637 us/op
WorkloadActual  32: 524288 op, 541042900.00 ns, 1.0320 us/op
WorkloadActual  33: 524288 op, 620534100.00 ns, 1.1836 us/op
WorkloadActual  34: 524288 op, 529954900.00 ns, 1.0108 us/op
WorkloadActual  35: 524288 op, 526557800.00 ns, 1.0043 us/op
WorkloadActual  36: 524288 op, 528236000.00 ns, 1.0075 us/op
WorkloadActual  37: 524288 op, 530539500.00 ns, 1.0119 us/op
WorkloadActual  38: 524288 op, 627930500.00 ns, 1.1977 us/op
WorkloadActual  39: 524288 op, 538494600.00 ns, 1.0271 us/op
WorkloadActual  40: 524288 op, 513232600.00 ns, 978.9135 ns/op
WorkloadActual  41: 524288 op, 517975000.00 ns, 987.9589 ns/op
WorkloadActual  42: 524288 op, 517432700.00 ns, 986.9246 ns/op
WorkloadActual  43: 524288 op, 611785700.00 ns, 1.1669 us/op
WorkloadActual  44: 524288 op, 543850300.00 ns, 1.0373 us/op
WorkloadActual  45: 524288 op, 625874200.00 ns, 1.1938 us/op
WorkloadActual  46: 524288 op, 659605000.00 ns, 1.2581 us/op
WorkloadActual  47: 524288 op, 603261700.00 ns, 1.1506 us/op
WorkloadActual  48: 524288 op, 694078300.00 ns, 1.3238 us/op
WorkloadActual  49: 524288 op, 623588100.00 ns, 1.1894 us/op
WorkloadActual  50: 524288 op, 704279500.00 ns, 1.3433 us/op
WorkloadActual  51: 524288 op, 718448000.00 ns, 1.3703 us/op
WorkloadActual  52: 524288 op, 722398300.00 ns, 1.3779 us/op
WorkloadActual  53: 524288 op, 629650100.00 ns, 1.2010 us/op
WorkloadActual  54: 524288 op, 687792200.00 ns, 1.3119 us/op
WorkloadActual  55: 524288 op, 600284100.00 ns, 1.1450 us/op
WorkloadActual  56: 524288 op, 702351500.00 ns, 1.3396 us/op
WorkloadActual  57: 524288 op, 616633900.00 ns, 1.1761 us/op
WorkloadActual  58: 524288 op, 648086800.00 ns, 1.2361 us/op
WorkloadActual  59: 524288 op, 631152700.00 ns, 1.2038 us/op
WorkloadActual  60: 524288 op, 690892200.00 ns, 1.3178 us/op
WorkloadActual  61: 524288 op, 602367800.00 ns, 1.1489 us/op
WorkloadActual  62: 524288 op, 688075700.00 ns, 1.3124 us/op
WorkloadActual  63: 524288 op, 645557700.00 ns, 1.2313 us/op
WorkloadActual  64: 524288 op, 667801700.00 ns, 1.2737 us/op
WorkloadActual  65: 524288 op, 618210400.00 ns, 1.1791 us/op
WorkloadActual  66: 524288 op, 707446500.00 ns, 1.3493 us/op
WorkloadActual  67: 524288 op, 629770800.00 ns, 1.2012 us/op
WorkloadActual  68: 524288 op, 734426000.00 ns, 1.4008 us/op
WorkloadActual  69: 524288 op, 629805500.00 ns, 1.2013 us/op
WorkloadActual  70: 524288 op, 690009900.00 ns, 1.3161 us/op
WorkloadActual  71: 524288 op, 667986900.00 ns, 1.2741 us/op
WorkloadActual  72: 524288 op, 628972000.00 ns, 1.1997 us/op
WorkloadActual  73: 524288 op, 642835800.00 ns, 1.2261 us/op
WorkloadActual  74: 524288 op, 650094700.00 ns, 1.2400 us/op
WorkloadActual  75: 524288 op, 600034000.00 ns, 1.1445 us/op
WorkloadActual  76: 524288 op, 663833300.00 ns, 1.2662 us/op
WorkloadActual  77: 524288 op, 655410800.00 ns, 1.2501 us/op
WorkloadActual  78: 524288 op, 603907800.00 ns, 1.1519 us/op
WorkloadActual  79: 524288 op, 615130600.00 ns, 1.1733 us/op
WorkloadActual  80: 524288 op, 711796600.00 ns, 1.3576 us/op
WorkloadActual  81: 524288 op, 586792200.00 ns, 1.1192 us/op
WorkloadActual  82: 524288 op, 705641900.00 ns, 1.3459 us/op
WorkloadActual  83: 524288 op, 708762500.00 ns, 1.3519 us/op
WorkloadActual  84: 524288 op, 610894800.00 ns, 1.1652 us/op
WorkloadActual  85: 524288 op, 639570700.00 ns, 1.2199 us/op
WorkloadActual  86: 524288 op, 676090800.00 ns, 1.2895 us/op
WorkloadActual  87: 524288 op, 642929700.00 ns, 1.2263 us/op
WorkloadActual  88: 524288 op, 641828400.00 ns, 1.2242 us/op
WorkloadActual  89: 524288 op, 655660100.00 ns, 1.2506 us/op
WorkloadActual  90: 524288 op, 643309400.00 ns, 1.2270 us/op
WorkloadActual  91: 524288 op, 590329900.00 ns, 1.1260 us/op
WorkloadActual  92: 524288 op, 574225800.00 ns, 1.0952 us/op
WorkloadActual  93: 524288 op, 706907700.00 ns, 1.3483 us/op
WorkloadActual  94: 524288 op, 587022600.00 ns, 1.1197 us/op
WorkloadActual  95: 524288 op, 640320200.00 ns, 1.2213 us/op
WorkloadActual  96: 524288 op, 634877000.00 ns, 1.2109 us/op
WorkloadActual  97: 524288 op, 656911800.00 ns, 1.2530 us/op
WorkloadActual  98: 524288 op, 625804600.00 ns, 1.1936 us/op
WorkloadActual  99: 524288 op, 672860000.00 ns, 1.2834 us/op
WorkloadActual  100: 524288 op, 634796900.00 ns, 1.2108 us/op

// AfterActualRun
WorkloadResult   1: 524288 op, 531107200.00 ns, 1.0130 us/op
WorkloadResult   2: 524288 op, 525787300.00 ns, 1.0029 us/op
WorkloadResult   3: 524288 op, 533467900.00 ns, 1.0175 us/op
WorkloadResult   4: 524288 op, 613876300.00 ns, 1.1709 us/op
WorkloadResult   5: 524288 op, 532592900.00 ns, 1.0158 us/op
WorkloadResult   6: 524288 op, 521736200.00 ns, 995.1328 ns/op
WorkloadResult   7: 524288 op, 528575700.00 ns, 1.0082 us/op
WorkloadResult   8: 524288 op, 593876600.00 ns, 1.1327 us/op
WorkloadResult   9: 524288 op, 582010800.00 ns, 1.1101 us/op
WorkloadResult  10: 524288 op, 540556200.00 ns, 1.0310 us/op
WorkloadResult  11: 524288 op, 527661400.00 ns, 1.0064 us/op
WorkloadResult  12: 524288 op, 571309900.00 ns, 1.0897 us/op
WorkloadResult  13: 524288 op, 654275300.00 ns, 1.2479 us/op
WorkloadResult  14: 524288 op, 550552000.00 ns, 1.0501 us/op
WorkloadResult  15: 524288 op, 548844100.00 ns, 1.0468 us/op
WorkloadResult  16: 524288 op, 650236000.00 ns, 1.2402 us/op
WorkloadResult  17: 524288 op, 553163100.00 ns, 1.0551 us/op
WorkloadResult  18: 524288 op, 542217800.00 ns, 1.0342 us/op
WorkloadResult  19: 524288 op, 645993400.00 ns, 1.2321 us/op
WorkloadResult  20: 524288 op, 558948100.00 ns, 1.0661 us/op
WorkloadResult  21: 524288 op, 568741500.00 ns, 1.0848 us/op
WorkloadResult  22: 524288 op, 620091000.00 ns, 1.1827 us/op
WorkloadResult  23: 524288 op, 514173800.00 ns, 980.7087 ns/op
WorkloadResult  24: 524288 op, 524591000.00 ns, 1.0006 us/op
WorkloadResult  25: 524288 op, 515120000.00 ns, 982.5134 ns/op
WorkloadResult  26: 524288 op, 664512700.00 ns, 1.2675 us/op
WorkloadResult  27: 524288 op, 524708700.00 ns, 1.0008 us/op
WorkloadResult  28: 524288 op, 554493700.00 ns, 1.0576 us/op
WorkloadResult  29: 524288 op, 662787300.00 ns, 1.2642 us/op
WorkloadResult  30: 524288 op, 561838600.00 ns, 1.0716 us/op
WorkloadResult  31: 524288 op, 662561500.00 ns, 1.2637 us/op
WorkloadResult  32: 524288 op, 541042900.00 ns, 1.0320 us/op
WorkloadResult  33: 524288 op, 620534100.00 ns, 1.1836 us/op
WorkloadResult  34: 524288 op, 529954900.00 ns, 1.0108 us/op
WorkloadResult  35: 524288 op, 526557800.00 ns, 1.0043 us/op
WorkloadResult  36: 524288 op, 528236000.00 ns, 1.0075 us/op
WorkloadResult  37: 524288 op, 530539500.00 ns, 1.0119 us/op
WorkloadResult  38: 524288 op, 627930500.00 ns, 1.1977 us/op
WorkloadResult  39: 524288 op, 538494600.00 ns, 1.0271 us/op
WorkloadResult  40: 524288 op, 513232600.00 ns, 978.9135 ns/op
WorkloadResult  41: 524288 op, 517975000.00 ns, 987.9589 ns/op
WorkloadResult  42: 524288 op, 517432700.00 ns, 986.9246 ns/op
WorkloadResult  43: 524288 op, 611785700.00 ns, 1.1669 us/op
WorkloadResult  44: 524288 op, 543850300.00 ns, 1.0373 us/op
WorkloadResult  45: 524288 op, 625874200.00 ns, 1.1938 us/op
WorkloadResult  46: 524288 op, 659605000.00 ns, 1.2581 us/op
WorkloadResult  47: 524288 op, 603261700.00 ns, 1.1506 us/op
WorkloadResult  48: 524288 op, 694078300.00 ns, 1.3238 us/op
WorkloadResult  49: 524288 op, 623588100.00 ns, 1.1894 us/op
WorkloadResult  50: 524288 op, 704279500.00 ns, 1.3433 us/op
WorkloadResult  51: 524288 op, 718448000.00 ns, 1.3703 us/op
WorkloadResult  52: 524288 op, 722398300.00 ns, 1.3779 us/op
WorkloadResult  53: 524288 op, 629650100.00 ns, 1.2010 us/op
WorkloadResult  54: 524288 op, 687792200.00 ns, 1.3119 us/op
WorkloadResult  55: 524288 op, 600284100.00 ns, 1.1450 us/op
WorkloadResult  56: 524288 op, 702351500.00 ns, 1.3396 us/op
WorkloadResult  57: 524288 op, 616633900.00 ns, 1.1761 us/op
WorkloadResult  58: 524288 op, 648086800.00 ns, 1.2361 us/op
WorkloadResult  59: 524288 op, 631152700.00 ns, 1.2038 us/op
WorkloadResult  60: 524288 op, 690892200.00 ns, 1.3178 us/op
WorkloadResult  61: 524288 op, 602367800.00 ns, 1.1489 us/op
WorkloadResult  62: 524288 op, 688075700.00 ns, 1.3124 us/op
WorkloadResult  63: 524288 op, 645557700.00 ns, 1.2313 us/op
WorkloadResult  64: 524288 op, 667801700.00 ns, 1.2737 us/op
WorkloadResult  65: 524288 op, 618210400.00 ns, 1.1791 us/op
WorkloadResult  66: 524288 op, 707446500.00 ns, 1.3493 us/op
WorkloadResult  67: 524288 op, 629770800.00 ns, 1.2012 us/op
WorkloadResult  68: 524288 op, 734426000.00 ns, 1.4008 us/op
WorkloadResult  69: 524288 op, 629805500.00 ns, 1.2013 us/op
WorkloadResult  70: 524288 op, 690009900.00 ns, 1.3161 us/op
WorkloadResult  71: 524288 op, 667986900.00 ns, 1.2741 us/op
WorkloadResult  72: 524288 op, 628972000.00 ns, 1.1997 us/op
WorkloadResult  73: 524288 op, 642835800.00 ns, 1.2261 us/op
WorkloadResult  74: 524288 op, 650094700.00 ns, 1.2400 us/op
WorkloadResult  75: 524288 op, 600034000.00 ns, 1.1445 us/op
WorkloadResult  76: 524288 op, 663833300.00 ns, 1.2662 us/op
WorkloadResult  77: 524288 op, 655410800.00 ns, 1.2501 us/op
WorkloadResult  78: 524288 op, 603907800.00 ns, 1.1519 us/op
WorkloadResult  79: 524288 op, 615130600.00 ns, 1.1733 us/op
WorkloadResult  80: 524288 op, 711796600.00 ns, 1.3576 us/op
WorkloadResult  81: 524288 op, 586792200.00 ns, 1.1192 us/op
WorkloadResult  82: 524288 op, 705641900.00 ns, 1.3459 us/op
WorkloadResult  83: 524288 op, 708762500.00 ns, 1.3519 us/op
WorkloadResult  84: 524288 op, 610894800.00 ns, 1.1652 us/op
WorkloadResult  85: 524288 op, 639570700.00 ns, 1.2199 us/op
WorkloadResult  86: 524288 op, 676090800.00 ns, 1.2895 us/op
WorkloadResult  87: 524288 op, 642929700.00 ns, 1.2263 us/op
WorkloadResult  88: 524288 op, 641828400.00 ns, 1.2242 us/op
WorkloadResult  89: 524288 op, 655660100.00 ns, 1.2506 us/op
WorkloadResult  90: 524288 op, 643309400.00 ns, 1.2270 us/op
WorkloadResult  91: 524288 op, 590329900.00 ns, 1.1260 us/op
WorkloadResult  92: 524288 op, 574225800.00 ns, 1.0952 us/op
WorkloadResult  93: 524288 op, 706907700.00 ns, 1.3483 us/op
WorkloadResult  94: 524288 op, 587022600.00 ns, 1.1197 us/op
WorkloadResult  95: 524288 op, 640320200.00 ns, 1.2213 us/op
WorkloadResult  96: 524288 op, 634877000.00 ns, 1.2109 us/op
WorkloadResult  97: 524288 op, 656911800.00 ns, 1.2530 us/op
WorkloadResult  98: 524288 op, 625804600.00 ns, 1.1936 us/op
WorkloadResult  99: 524288 op, 672860000.00 ns, 1.2834 us/op
WorkloadResult  100: 524288 op, 634796900.00 ns, 1.2108 us/op
// GC:  106 0 0 889193520 524288
// Threading:  0 0 524288

// AfterAll
// Benchmark Process 27556 has exited with code 0.

Mean = 1.169 μs, StdErr = 0.012 μs (1.00%), N = 100, StdDev = 0.117 μs
Min = 0.979 μs, Q1 = 1.054 μs, Median = 1.186 μs, Q3 = 1.251 μs, Max = 1.401 μs
IQR = 0.197 μs, LowerFence = 0.758 μs, UpperFence = 1.547 μs
ConfidenceInterval = [1.129 μs; 1.208 μs] (CI 99.9%), Margin = 0.040 μs (3.40% of Mean)
Skewness = -0.05, Kurtosis = 1.87, MValue = 3

// ** Remained 4 (66.7%) benchmark(s) to run. Estimated finish 2026-01-02 20:52 (0h 4m from now) **
Setup power plan (GUID: 8c5e7fda-e8bf-4a96-9a85-a6e23a8c635c FriendlyName: High performance)
// **************************
// Benchmark: SqliteBenchmarks.GetDocumentAsync: DefaultJob [ChangeCount=100000, GroupSize=1000, StorageMode=sqlite]
// *** Execute ***
// Launch: 1 / 1
// Execute: dotnet 4586ca6b-4acc-4e50-bedd-392f9eb228fd.dll --anonymousPipes 1492 1804 --benchmarkName "Changelog.Benchmarks.SqliteBenchmarks.GetDocumentAsync(ChangeCount: 100000, GroupSize: 1000, StorageMode: \"sqlite\")" --job Default --benchmarkId 2 in C:\Programming\projects\arcmantle\weave\packages\core\changelog\changelog-net\Changelog.Benchmarks\bin\Release\net10.0\4586ca6b-4acc-4e50-bedd-392f9eb228fd\bin\Release\net10.0
// BeforeAnythingElse

// Benchmark Process Environment Information:
// BenchmarkDotNet v0.14.0
// Runtime=.NET 10.0.1 (10.0.125.57005), X64 RyuJIT AVX2
// GC=Concurrent Workstation
// HardwareIntrinsics=AVX2,AES,BMI1,BMI2,FMA,LZCNT,PCLMUL,POPCNT VectorSize=256
// Job: DefaultJob

Dataset generation complete in 1.3s
OverheadJitting  1: 1 op, 360200.00 ns, 360.2000 us/op
WorkloadJitting  1: 1 op, 16460200.00 ns, 16.4602 ms/op

OverheadJitting  2: 16 op, 606300.00 ns, 37.8938 us/op
WorkloadJitting  2: 16 op, 2859800.00 ns, 178.7375 us/op

WorkloadPilot    1: 16 op, 1720200.00 ns, 107.5125 us/op
WorkloadPilot    2: 32 op, 4093000.00 ns, 127.9063 us/op
WorkloadPilot    3: 64 op, 5970100.00 ns, 93.2828 us/op
WorkloadPilot    4: 128 op, 13581900.00 ns, 106.1086 us/op
WorkloadPilot    5: 256 op, 25549600.00 ns, 99.8031 us/op
WorkloadPilot    6: 512 op, 50064800.00 ns, 97.7828 us/op
WorkloadPilot    7: 1024 op, 114334100.00 ns, 111.6544 us/op
WorkloadPilot    8: 2048 op, 238664800.00 ns, 116.5355 us/op
WorkloadPilot    9: 4096 op, 404488700.00 ns, 98.7521 us/op
WorkloadPilot   10: 8192 op, 721068400.00 ns, 88.0210 us/op

OverheadWarmup   1: 8192 op, 35500.00 ns, 4.3335 ns/op
OverheadWarmup   2: 8192 op, 31300.00 ns, 3.8208 ns/op
OverheadWarmup   3: 8192 op, 31100.00 ns, 3.7964 ns/op
OverheadWarmup   4: 8192 op, 28900.00 ns, 3.5278 ns/op
OverheadWarmup   5: 8192 op, 30800.00 ns, 3.7598 ns/op
OverheadWarmup   6: 8192 op, 30500.00 ns, 3.7231 ns/op
OverheadWarmup   7: 8192 op, 30700.00 ns, 3.7476 ns/op
OverheadWarmup   8: 8192 op, 30900.00 ns, 3.7720 ns/op
OverheadWarmup   9: 8192 op, 34300.00 ns, 4.1870 ns/op
OverheadWarmup  10: 8192 op, 33200.00 ns, 4.0527 ns/op

OverheadActual   1: 8192 op, 34700.00 ns, 4.2358 ns/op
OverheadActual   2: 8192 op, 33700.00 ns, 4.1138 ns/op
OverheadActual   3: 8192 op, 30100.00 ns, 3.6743 ns/op
OverheadActual   4: 8192 op, 29700.00 ns, 3.6255 ns/op
OverheadActual   5: 8192 op, 33500.00 ns, 4.0894 ns/op
OverheadActual   6: 8192 op, 41400.00 ns, 5.0537 ns/op
OverheadActual   7: 8192 op, 33400.00 ns, 4.0771 ns/op
OverheadActual   8: 8192 op, 33100.00 ns, 4.0405 ns/op
OverheadActual   9: 8192 op, 39000.00 ns, 4.7607 ns/op
OverheadActual  10: 8192 op, 35300.00 ns, 4.3091 ns/op
OverheadActual  11: 8192 op, 40400.00 ns, 4.9316 ns/op
OverheadActual  12: 8192 op, 32400.00 ns, 3.9551 ns/op
OverheadActual  13: 8192 op, 30300.00 ns, 3.6987 ns/op
OverheadActual  14: 8192 op, 30600.00 ns, 3.7354 ns/op
OverheadActual  15: 8192 op, 35300.00 ns, 4.3091 ns/op
OverheadActual  16: 8192 op, 31500.00 ns, 3.8452 ns/op
OverheadActual  17: 8192 op, 30300.00 ns, 3.6987 ns/op
OverheadActual  18: 8192 op, 34500.00 ns, 4.2114 ns/op
OverheadActual  19: 8192 op, 29800.00 ns, 3.6377 ns/op
OverheadActual  20: 8192 op, 32800.00 ns, 4.0039 ns/op

WorkloadWarmup   1: 8192 op, 650685600.00 ns, 79.4294 us/op
WorkloadWarmup   2: 8192 op, 590116000.00 ns, 72.0356 us/op
WorkloadWarmup   3: 8192 op, 684119900.00 ns, 83.5107 us/op
WorkloadWarmup   4: 8192 op, 617105800.00 ns, 75.3303 us/op
WorkloadWarmup   5: 8192 op, 673306100.00 ns, 82.1907 us/op
WorkloadWarmup   6: 8192 op, 669486800.00 ns, 81.7245 us/op

// BeforeActualRun
WorkloadActual   1: 8192 op, 654452900.00 ns, 79.8893 us/op
WorkloadActual   2: 8192 op, 608185000.00 ns, 74.2413 us/op
WorkloadActual   3: 8192 op, 636858000.00 ns, 77.7415 us/op
WorkloadActual   4: 8192 op, 613633800.00 ns, 74.9065 us/op
WorkloadActual   5: 8192 op, 676469500.00 ns, 82.5768 us/op
WorkloadActual   6: 8192 op, 550655300.00 ns, 67.2187 us/op
WorkloadActual   7: 8192 op, 704489600.00 ns, 85.9973 us/op
WorkloadActual   8: 8192 op, 593989500.00 ns, 72.5085 us/op
WorkloadActual   9: 8192 op, 623518700.00 ns, 76.1131 us/op
WorkloadActual  10: 8192 op, 618664000.00 ns, 75.5205 us/op
WorkloadActual  11: 8192 op, 688057500.00 ns, 83.9914 us/op
WorkloadActual  12: 8192 op, 592339800.00 ns, 72.3071 us/op
WorkloadActual  13: 8192 op, 778917800.00 ns, 95.0827 us/op
WorkloadActual  14: 8192 op, 655892100.00 ns, 80.0650 us/op
WorkloadActual  15: 8192 op, 575467100.00 ns, 70.2474 us/op
WorkloadActual  16: 8192 op, 647105500.00 ns, 78.9924 us/op
WorkloadActual  17: 8192 op, 661142400.00 ns, 80.7059 us/op
WorkloadActual  18: 8192 op, 625580000.00 ns, 76.3647 us/op
WorkloadActual  19: 8192 op, 586571100.00 ns, 71.6029 us/op
WorkloadActual  20: 8192 op, 608070100.00 ns, 74.2273 us/op
WorkloadActual  21: 8192 op, 638484400.00 ns, 77.9400 us/op
WorkloadActual  22: 8192 op, 622424500.00 ns, 75.9796 us/op
WorkloadActual  23: 8192 op, 544800100.00 ns, 66.5039 us/op
WorkloadActual  24: 8192 op, 669287500.00 ns, 81.7001 us/op
WorkloadActual  25: 8192 op, 565389000.00 ns, 69.0172 us/op
WorkloadActual  26: 8192 op, 591839200.00 ns, 72.2460 us/op
WorkloadActual  27: 8192 op, 623761700.00 ns, 76.1428 us/op
WorkloadActual  28: 8192 op, 582883000.00 ns, 71.1527 us/op
WorkloadActual  29: 8192 op, 647400500.00 ns, 79.0284 us/op
WorkloadActual  30: 8192 op, 610610600.00 ns, 74.5374 us/op
WorkloadActual  31: 8192 op, 691961800.00 ns, 84.4680 us/op
WorkloadActual  32: 8192 op, 664416000.00 ns, 81.1055 us/op
WorkloadActual  33: 8192 op, 606930400.00 ns, 74.0882 us/op
WorkloadActual  34: 8192 op, 661430200.00 ns, 80.7410 us/op
WorkloadActual  35: 8192 op, 622571200.00 ns, 75.9975 us/op
WorkloadActual  36: 8192 op, 541803200.00 ns, 66.1381 us/op
WorkloadActual  37: 8192 op, 693141200.00 ns, 84.6120 us/op
WorkloadActual  38: 8192 op, 615124800.00 ns, 75.0885 us/op
WorkloadActual  39: 8192 op, 597079400.00 ns, 72.8857 us/op
WorkloadActual  40: 8192 op, 585925600.00 ns, 71.5241 us/op
WorkloadActual  41: 8192 op, 619879600.00 ns, 75.6689 us/op
WorkloadActual  42: 8192 op, 596328600.00 ns, 72.7940 us/op
WorkloadActual  43: 8192 op, 623947000.00 ns, 76.1654 us/op
WorkloadActual  44: 8192 op, 574633800.00 ns, 70.1457 us/op
WorkloadActual  45: 8192 op, 624388000.00 ns, 76.2192 us/op
WorkloadActual  46: 8192 op, 590013900.00 ns, 72.0232 us/op
WorkloadActual  47: 8192 op, 628626800.00 ns, 76.7367 us/op
WorkloadActual  48: 8192 op, 586627100.00 ns, 71.6098 us/op
WorkloadActual  49: 8192 op, 658206600.00 ns, 80.3475 us/op
WorkloadActual  50: 8192 op, 671965000.00 ns, 82.0270 us/op
WorkloadActual  51: 8192 op, 619007100.00 ns, 75.5624 us/op
WorkloadActual  52: 8192 op, 566977200.00 ns, 69.2111 us/op
WorkloadActual  53: 8192 op, 604386100.00 ns, 73.7776 us/op
WorkloadActual  54: 8192 op, 559847000.00 ns, 68.3407 us/op
WorkloadActual  55: 8192 op, 635258700.00 ns, 77.5462 us/op
WorkloadActual  56: 8192 op, 630580500.00 ns, 76.9752 us/op
WorkloadActual  57: 8192 op, 580808100.00 ns, 70.8994 us/op
WorkloadActual  58: 8192 op, 585944900.00 ns, 71.5265 us/op
WorkloadActual  59: 8192 op, 638133800.00 ns, 77.8972 us/op
WorkloadActual  60: 8192 op, 573565800.00 ns, 70.0154 us/op
WorkloadActual  61: 8192 op, 616425200.00 ns, 75.2472 us/op
WorkloadActual  62: 8192 op, 577383400.00 ns, 70.4814 us/op
WorkloadActual  63: 8192 op, 680670100.00 ns, 83.0896 us/op
WorkloadActual  64: 8192 op, 587263300.00 ns, 71.6874 us/op
WorkloadActual  65: 8192 op, 610356600.00 ns, 74.5064 us/op
WorkloadActual  66: 8192 op, 657870000.00 ns, 80.3064 us/op
WorkloadActual  67: 8192 op, 640163100.00 ns, 78.1449 us/op
WorkloadActual  68: 8192 op, 571370700.00 ns, 69.7474 us/op
WorkloadActual  69: 8192 op, 671320600.00 ns, 81.9483 us/op
WorkloadActual  70: 8192 op, 614813600.00 ns, 75.0505 us/op
WorkloadActual  71: 8192 op, 614694600.00 ns, 75.0360 us/op
WorkloadActual  72: 8192 op, 685615500.00 ns, 83.6933 us/op
WorkloadActual  73: 8192 op, 661027300.00 ns, 80.6918 us/op
WorkloadActual  74: 8192 op, 668815100.00 ns, 81.6425 us/op
WorkloadActual  75: 8192 op, 648150700.00 ns, 79.1200 us/op
WorkloadActual  76: 8192 op, 615331000.00 ns, 75.1136 us/op
WorkloadActual  77: 8192 op, 662636600.00 ns, 80.8883 us/op
WorkloadActual  78: 8192 op, 568818600.00 ns, 69.4359 us/op
WorkloadActual  79: 8192 op, 654944500.00 ns, 79.9493 us/op
WorkloadActual  80: 8192 op, 642177200.00 ns, 78.3908 us/op
WorkloadActual  81: 8192 op, 599505200.00 ns, 73.1818 us/op
WorkloadActual  82: 8192 op, 630053300.00 ns, 76.9108 us/op
WorkloadActual  83: 8192 op, 654621200.00 ns, 79.9098 us/op
WorkloadActual  84: 8192 op, 547318900.00 ns, 66.8114 us/op
WorkloadActual  85: 8192 op, 620959800.00 ns, 75.8008 us/op
WorkloadActual  86: 8192 op, 597448300.00 ns, 72.9307 us/op
WorkloadActual  87: 8192 op, 655191200.00 ns, 79.9794 us/op
WorkloadActual  88: 8192 op, 565995600.00 ns, 69.0913 us/op
WorkloadActual  89: 8192 op, 651674300.00 ns, 79.5501 us/op
WorkloadActual  90: 8192 op, 599357300.00 ns, 73.1637 us/op
WorkloadActual  91: 8192 op, 648561400.00 ns, 79.1701 us/op
WorkloadActual  92: 8192 op, 551919800.00 ns, 67.3730 us/op
WorkloadActual  93: 8192 op, 653367500.00 ns, 79.7568 us/op
WorkloadActual  94: 8192 op, 631611400.00 ns, 77.1010 us/op
WorkloadActual  95: 8192 op, 658715300.00 ns, 80.4096 us/op
WorkloadActual  96: 8192 op, 617201500.00 ns, 75.3420 us/op
WorkloadActual  97: 8192 op, 630917000.00 ns, 77.0162 us/op
WorkloadActual  98: 8192 op, 603862600.00 ns, 73.7137 us/op
WorkloadActual  99: 8192 op, 649005000.00 ns, 79.2242 us/op
WorkloadActual  100: 8192 op, 547521100.00 ns, 66.8361 us/op

// AfterActualRun
WorkloadResult   1: 8192 op, 654419650.00 ns, 79.8852 us/op
WorkloadResult   2: 8192 op, 608151750.00 ns, 74.2373 us/op
WorkloadResult   3: 8192 op, 636824750.00 ns, 77.7374 us/op
WorkloadResult   4: 8192 op, 613600550.00 ns, 74.9024 us/op
WorkloadResult   5: 8192 op, 676436250.00 ns, 82.5728 us/op
WorkloadResult   6: 8192 op, 550622050.00 ns, 67.2146 us/op
WorkloadResult   7: 8192 op, 704456350.00 ns, 85.9932 us/op
WorkloadResult   8: 8192 op, 593956250.00 ns, 72.5044 us/op
WorkloadResult   9: 8192 op, 623485450.00 ns, 76.1091 us/op
WorkloadResult  10: 8192 op, 618630750.00 ns, 75.5164 us/op
WorkloadResult  11: 8192 op, 688024250.00 ns, 83.9873 us/op
WorkloadResult  12: 8192 op, 592306550.00 ns, 72.3030 us/op
WorkloadResult  13: 8192 op, 655858850.00 ns, 80.0609 us/op
WorkloadResult  14: 8192 op, 575433850.00 ns, 70.2434 us/op
WorkloadResult  15: 8192 op, 647072250.00 ns, 78.9883 us/op
WorkloadResult  16: 8192 op, 661109150.00 ns, 80.7018 us/op
WorkloadResult  17: 8192 op, 625546750.00 ns, 76.3607 us/op
WorkloadResult  18: 8192 op, 586537850.00 ns, 71.5989 us/op
WorkloadResult  19: 8192 op, 608036850.00 ns, 74.2232 us/op
WorkloadResult  20: 8192 op, 638451150.00 ns, 77.9359 us/op
WorkloadResult  21: 8192 op, 622391250.00 ns, 75.9755 us/op
WorkloadResult  22: 8192 op, 544766850.00 ns, 66.4999 us/op
WorkloadResult  23: 8192 op, 669254250.00 ns, 81.6961 us/op
WorkloadResult  24: 8192 op, 565355750.00 ns, 69.0132 us/op
WorkloadResult  25: 8192 op, 591805950.00 ns, 72.2419 us/op
WorkloadResult  26: 8192 op, 623728450.00 ns, 76.1387 us/op
WorkloadResult  27: 8192 op, 582849750.00 ns, 71.1487 us/op
WorkloadResult  28: 8192 op, 647367250.00 ns, 79.0243 us/op
WorkloadResult  29: 8192 op, 610577350.00 ns, 74.5334 us/op
WorkloadResult  30: 8192 op, 691928550.00 ns, 84.4639 us/op
WorkloadResult  31: 8192 op, 664382750.00 ns, 81.1014 us/op
WorkloadResult  32: 8192 op, 606897150.00 ns, 74.0841 us/op
WorkloadResult  33: 8192 op, 661396950.00 ns, 80.7369 us/op
WorkloadResult  34: 8192 op, 622537950.00 ns, 75.9934 us/op
WorkloadResult  35: 8192 op, 541769950.00 ns, 66.1340 us/op
WorkloadResult  36: 8192 op, 693107950.00 ns, 84.6079 us/op
WorkloadResult  37: 8192 op, 615091550.00 ns, 75.0844 us/op
WorkloadResult  38: 8192 op, 597046150.00 ns, 72.8816 us/op
WorkloadResult  39: 8192 op, 585892350.00 ns, 71.5201 us/op
WorkloadResult  40: 8192 op, 619846350.00 ns, 75.6648 us/op
WorkloadResult  41: 8192 op, 596295350.00 ns, 72.7900 us/op
WorkloadResult  42: 8192 op, 623913750.00 ns, 76.1613 us/op
WorkloadResult  43: 8192 op, 574600550.00 ns, 70.1417 us/op
WorkloadResult  44: 8192 op, 624354750.00 ns, 76.2152 us/op
WorkloadResult  45: 8192 op, 589980650.00 ns, 72.0191 us/op
WorkloadResult  46: 8192 op, 628593550.00 ns, 76.7326 us/op
WorkloadResult  47: 8192 op, 586593850.00 ns, 71.6057 us/op
WorkloadResult  48: 8192 op, 658173350.00 ns, 80.3434 us/op
WorkloadResult  49: 8192 op, 671931750.00 ns, 82.0229 us/op
WorkloadResult  50: 8192 op, 618973850.00 ns, 75.5583 us/op
WorkloadResult  51: 8192 op, 566943950.00 ns, 69.2070 us/op
WorkloadResult  52: 8192 op, 604352850.00 ns, 73.7735 us/op
WorkloadResult  53: 8192 op, 559813750.00 ns, 68.3366 us/op
WorkloadResult  54: 8192 op, 635225450.00 ns, 77.5422 us/op
WorkloadResult  55: 8192 op, 630547250.00 ns, 76.9711 us/op
WorkloadResult  56: 8192 op, 580774850.00 ns, 70.8954 us/op
WorkloadResult  57: 8192 op, 585911650.00 ns, 71.5224 us/op
WorkloadResult  58: 8192 op, 638100550.00 ns, 77.8931 us/op
WorkloadResult  59: 8192 op, 573532550.00 ns, 70.0113 us/op
WorkloadResult  60: 8192 op, 616391950.00 ns, 75.2432 us/op
WorkloadResult  61: 8192 op, 577350150.00 ns, 70.4773 us/op
WorkloadResult  62: 8192 op, 680636850.00 ns, 83.0856 us/op
WorkloadResult  63: 8192 op, 587230050.00 ns, 71.6834 us/op
WorkloadResult  64: 8192 op, 610323350.00 ns, 74.5024 us/op
WorkloadResult  65: 8192 op, 657836750.00 ns, 80.3023 us/op
WorkloadResult  66: 8192 op, 640129850.00 ns, 78.1409 us/op
WorkloadResult  67: 8192 op, 571337450.00 ns, 69.7433 us/op
WorkloadResult  68: 8192 op, 671287350.00 ns, 81.9443 us/op
WorkloadResult  69: 8192 op, 614780350.00 ns, 75.0464 us/op
WorkloadResult  70: 8192 op, 614661350.00 ns, 75.0319 us/op
WorkloadResult  71: 8192 op, 685582250.00 ns, 83.6892 us/op
WorkloadResult  72: 8192 op, 660994050.00 ns, 80.6878 us/op
WorkloadResult  73: 8192 op, 668781850.00 ns, 81.6384 us/op
WorkloadResult  74: 8192 op, 648117450.00 ns, 79.1159 us/op
WorkloadResult  75: 8192 op, 615297750.00 ns, 75.1096 us/op
WorkloadResult  76: 8192 op, 662603350.00 ns, 80.8842 us/op
WorkloadResult  77: 8192 op, 568785350.00 ns, 69.4318 us/op
WorkloadResult  78: 8192 op, 654911250.00 ns, 79.9452 us/op
WorkloadResult  79: 8192 op, 642143950.00 ns, 78.3867 us/op
WorkloadResult  80: 8192 op, 599471950.00 ns, 73.1777 us/op
WorkloadResult  81: 8192 op, 630020050.00 ns, 76.9067 us/op
WorkloadResult  82: 8192 op, 654587950.00 ns, 79.9058 us/op
WorkloadResult  83: 8192 op, 547285650.00 ns, 66.8073 us/op
WorkloadResult  84: 8192 op, 620926550.00 ns, 75.7967 us/op
WorkloadResult  85: 8192 op, 597415050.00 ns, 72.9266 us/op
WorkloadResult  86: 8192 op, 655157950.00 ns, 79.9753 us/op
WorkloadResult  87: 8192 op, 565962350.00 ns, 69.0872 us/op
WorkloadResult  88: 8192 op, 651641050.00 ns, 79.5460 us/op
WorkloadResult  89: 8192 op, 599324050.00 ns, 73.1597 us/op
WorkloadResult  90: 8192 op, 648528150.00 ns, 79.1660 us/op
WorkloadResult  91: 8192 op, 551886550.00 ns, 67.3690 us/op
WorkloadResult  92: 8192 op, 653334250.00 ns, 79.7527 us/op
WorkloadResult  93: 8192 op, 631578150.00 ns, 77.0969 us/op
WorkloadResult  94: 8192 op, 658682050.00 ns, 80.4055 us/op
WorkloadResult  95: 8192 op, 617168250.00 ns, 75.3379 us/op
WorkloadResult  96: 8192 op, 630883750.00 ns, 77.0122 us/op
WorkloadResult  97: 8192 op, 603829350.00 ns, 73.7096 us/op
WorkloadResult  98: 8192 op, 648971750.00 ns, 79.2202 us/op
WorkloadResult  99: 8192 op, 547487850.00 ns, 66.8320 us/op
// GC:  2 0 0 24511576 8192
// Threading:  0 0 8192

// AfterAll
// Benchmark Process 52592 has exited with code 0.

Mean = 75.744 μs, StdErr = 0.471 μs (0.62%), N = 99, StdDev = 4.684 μs
Min = 66.134 μs, Q1 = 72.272 μs, Median = 75.797 μs, Q3 = 79.649 μs, Max = 85.993 μs
IQR = 7.377 μs, LowerFence = 61.207 μs, UpperFence = 90.715 μs
ConfidenceInterval = [74.147 μs; 77.341 μs] (CI 99.9%), Margin = 1.597 μs (2.11% of Mean)
Skewness = -0.08, Kurtosis = 2.25, MValue = 3.2

// ** Remained 3 (50.0%) benchmark(s) to run. Estimated finish 2026-01-02 20:53 (0h 3m from now) **
Setup power plan (GUID: 8c5e7fda-e8bf-4a96-9a85-a6e23a8c635c FriendlyName: High performance)
// **************************
// Benchmark: SqliteBenchmarks.GetDocumentAsync: DefaultJob [ChangeCount=100000, GroupSize=1000, StorageMode=sqlite+cache]
// *** Execute ***
// Launch: 1 / 1
// Execute: dotnet 4586ca6b-4acc-4e50-bedd-392f9eb228fd.dll --anonymousPipes 1492 1804 --benchmarkName "Changelog.Benchmarks.SqliteBenchmarks.GetDocumentAsync(ChangeCount: 100000, GroupSize: 1000, StorageMode: \"sqlite+cache\")" --job Default --benchmarkId 3 in C:\Programming\projects\arcmantle\weave\packages\core\changelog\changelog-net\Changelog.Benchmarks\bin\Release\net10.0\4586ca6b-4acc-4e50-bedd-392f9eb228fd\bin\Release\net10.0
// BeforeAnythingElse

// Benchmark Process Environment Information:
// BenchmarkDotNet v0.14.0
// Runtime=.NET 10.0.1 (10.0.125.57005), X64 RyuJIT AVX2
// GC=Concurrent Workstation
// HardwareIntrinsics=AVX2,AES,BMI1,BMI2,FMA,LZCNT,PCLMUL,POPCNT VectorSize=256
// Job: DefaultJob

OverheadJitting  1: 1 op, 255700.00 ns, 255.7000 us/op
WorkloadJitting  1: 1 op, 35829300.00 ns, 35.8293 ms/op

WorkloadPilot    1: 2 op, 200200.00 ns, 100.1000 us/op
WorkloadPilot    2: 3 op, 36400.00 ns, 12.1333 us/op
WorkloadPilot    3: 4 op, 84500.00 ns, 21.1250 us/op
WorkloadPilot    4: 5 op, 51300.00 ns, 10.2600 us/op
WorkloadPilot    5: 6 op, 56500.00 ns, 9.4167 us/op
WorkloadPilot    6: 7 op, 71200.00 ns, 10.1714 us/op
WorkloadPilot    7: 8 op, 89900.00 ns, 11.2375 us/op
WorkloadPilot    8: 9 op, 83800.00 ns, 9.3111 us/op
WorkloadPilot    9: 10 op, 85900.00 ns, 8.5900 us/op
WorkloadPilot   10: 11 op, 120000.00 ns, 10.9091 us/op
WorkloadPilot   11: 12 op, 87000.00 ns, 7.2500 us/op
WorkloadPilot   12: 13 op, 95100.00 ns, 7.3154 us/op
WorkloadPilot   13: 14 op, 98200.00 ns, 7.0143 us/op
WorkloadPilot   14: 15 op, 103200.00 ns, 6.8800 us/op
WorkloadPilot   15: 16 op, 120100.00 ns, 7.5063 us/op
WorkloadPilot   16: 32 op, 204800.00 ns, 6.4000 us/op
WorkloadPilot   17: 64 op, 337000.00 ns, 5.2656 us/op
WorkloadPilot   18: 128 op, 897800.00 ns, 7.0141 us/op
WorkloadPilot   19: 256 op, 1328900.00 ns, 5.1910 us/op
WorkloadPilot   20: 512 op, 2833300.00 ns, 5.5338 us/op
WorkloadPilot   21: 1024 op, 6449700.00 ns, 6.2985 us/op
WorkloadPilot   22: 2048 op, 11526000.00 ns, 5.6279 us/op
WorkloadPilot   23: 4096 op, 23462300.00 ns, 5.7281 us/op
WorkloadPilot   24: 8192 op, 43937300.00 ns, 5.3634 us/op
WorkloadPilot   25: 16384 op, 80220800.00 ns, 4.8963 us/op
WorkloadPilot   26: 32768 op, 124227800.00 ns, 3.7911 us/op
WorkloadPilot   27: 65536 op, 215943800.00 ns, 3.2950 us/op
WorkloadPilot   28: 131072 op, 432730600.00 ns, 3.3015 us/op
WorkloadPilot   29: 262144 op, 409418000.00 ns, 1.5618 us/op
WorkloadPilot   30: 524288 op, 585828000.00 ns, 1.1174 us/op

WorkloadWarmup   1: 524288 op, 547234700.00 ns, 1.0438 us/op
WorkloadWarmup   2: 524288 op, 593745800.00 ns, 1.1325 us/op
WorkloadWarmup   3: 524288 op, 674219800.00 ns, 1.2860 us/op
WorkloadWarmup   4: 524288 op, 627919500.00 ns, 1.1977 us/op
WorkloadWarmup   5: 524288 op, 539791400.00 ns, 1.0296 us/op
WorkloadWarmup   6: 524288 op, 566629800.00 ns, 1.0808 us/op
WorkloadWarmup   7: 524288 op, 674407800.00 ns, 1.2863 us/op
WorkloadWarmup   8: 524288 op, 583333900.00 ns, 1.1126 us/op

// BeforeActualRun
WorkloadActual   1: 524288 op, 720013000.00 ns, 1.3733 us/op
WorkloadActual   2: 524288 op, 604659800.00 ns, 1.1533 us/op
WorkloadActual   3: 524288 op, 647824100.00 ns, 1.2356 us/op
WorkloadActual   4: 524288 op, 631654500.00 ns, 1.2048 us/op
WorkloadActual   5: 524288 op, 605506500.00 ns, 1.1549 us/op
WorkloadActual   6: 524288 op, 550868700.00 ns, 1.0507 us/op
WorkloadActual   7: 524288 op, 656593200.00 ns, 1.2524 us/op
WorkloadActual   8: 524288 op, 561229800.00 ns, 1.0705 us/op
WorkloadActual   9: 524288 op, 557370800.00 ns, 1.0631 us/op
WorkloadActual  10: 524288 op, 628183800.00 ns, 1.1982 us/op
WorkloadActual  11: 524288 op, 558922200.00 ns, 1.0661 us/op
WorkloadActual  12: 524288 op, 545999400.00 ns, 1.0414 us/op
WorkloadActual  13: 524288 op, 555540000.00 ns, 1.0596 us/op
WorkloadActual  14: 524288 op, 562716100.00 ns, 1.0733 us/op
WorkloadActual  15: 524288 op, 630929200.00 ns, 1.2034 us/op
WorkloadActual  16: 524288 op, 541438500.00 ns, 1.0327 us/op
WorkloadActual  17: 524288 op, 531025800.00 ns, 1.0129 us/op
WorkloadActual  18: 524288 op, 533602300.00 ns, 1.0178 us/op
WorkloadActual  19: 524288 op, 585885400.00 ns, 1.1175 us/op
WorkloadActual  20: 524288 op, 663063800.00 ns, 1.2647 us/op
WorkloadActual  21: 524288 op, 571646100.00 ns, 1.0903 us/op
WorkloadActual  22: 524288 op, 608931300.00 ns, 1.1614 us/op
WorkloadActual  23: 524288 op, 630081700.00 ns, 1.2018 us/op
WorkloadActual  24: 524288 op, 573428500.00 ns, 1.0937 us/op
WorkloadActual  25: 524288 op, 685225900.00 ns, 1.3070 us/op
WorkloadActual  26: 524288 op, 559755300.00 ns, 1.0676 us/op
WorkloadActual  27: 524288 op, 566984300.00 ns, 1.0814 us/op
WorkloadActual  28: 524288 op, 550287900.00 ns, 1.0496 us/op
WorkloadActual  29: 524288 op, 631978600.00 ns, 1.2054 us/op
WorkloadActual  30: 524288 op, 536169400.00 ns, 1.0227 us/op
WorkloadActual  31: 524288 op, 529791500.00 ns, 1.0105 us/op
WorkloadActual  32: 524288 op, 613373400.00 ns, 1.1699 us/op
WorkloadActual  33: 524288 op, 647871700.00 ns, 1.2357 us/op
WorkloadActual  34: 524288 op, 645284800.00 ns, 1.2308 us/op
WorkloadActual  35: 524288 op, 671120000.00 ns, 1.2801 us/op
WorkloadActual  36: 524288 op, 567601900.00 ns, 1.0826 us/op
WorkloadActual  37: 524288 op, 538172100.00 ns, 1.0265 us/op
WorkloadActual  38: 524288 op, 643194100.00 ns, 1.2268 us/op
WorkloadActual  39: 524288 op, 520783900.00 ns, 993.3165 ns/op
WorkloadActual  40: 524288 op, 525084400.00 ns, 1.0015 us/op
WorkloadActual  41: 524288 op, 531720300.00 ns, 1.0142 us/op
WorkloadActual  42: 524288 op, 562996800.00 ns, 1.0738 us/op
WorkloadActual  43: 524288 op, 559901200.00 ns, 1.0679 us/op
WorkloadActual  44: 524288 op, 598909700.00 ns, 1.1423 us/op
WorkloadActual  45: 524288 op, 532477900.00 ns, 1.0156 us/op
WorkloadActual  46: 524288 op, 536822600.00 ns, 1.0239 us/op
WorkloadActual  47: 524288 op, 524496500.00 ns, 1.0004 us/op
WorkloadActual  48: 524288 op, 574212600.00 ns, 1.0952 us/op
WorkloadActual  49: 524288 op, 607199500.00 ns, 1.1581 us/op
WorkloadActual  50: 524288 op, 529242200.00 ns, 1.0094 us/op
WorkloadActual  51: 524288 op, 530839000.00 ns, 1.0125 us/op
WorkloadActual  52: 524288 op, 652305300.00 ns, 1.2442 us/op
WorkloadActual  53: 524288 op, 518281400.00 ns, 988.5433 ns/op
WorkloadActual  54: 524288 op, 529588300.00 ns, 1.0101 us/op
WorkloadActual  55: 524288 op, 562840100.00 ns, 1.0735 us/op
WorkloadActual  56: 524288 op, 558126600.00 ns, 1.0645 us/op
WorkloadActual  57: 524288 op, 609437200.00 ns, 1.1624 us/op
WorkloadActual  58: 524288 op, 567962200.00 ns, 1.0833 us/op
WorkloadActual  59: 524288 op, 540117400.00 ns, 1.0302 us/op
WorkloadActual  60: 524288 op, 637992200.00 ns, 1.2169 us/op
WorkloadActual  61: 524288 op, 536526300.00 ns, 1.0233 us/op
WorkloadActual  62: 524288 op, 524742000.00 ns, 1.0009 us/op
WorkloadActual  63: 524288 op, 564665100.00 ns, 1.0770 us/op
WorkloadActual  64: 524288 op, 660496200.00 ns, 1.2598 us/op
WorkloadActual  65: 524288 op, 578119800.00 ns, 1.1027 us/op
WorkloadActual  66: 524288 op, 550599500.00 ns, 1.0502 us/op
WorkloadActual  67: 524288 op, 538702400.00 ns, 1.0275 us/op
WorkloadActual  68: 524288 op, 647720500.00 ns, 1.2354 us/op
WorkloadActual  69: 524288 op, 510087300.00 ns, 972.9143 ns/op
WorkloadActual  70: 524288 op, 518767400.00 ns, 989.4703 ns/op
WorkloadActual  71: 524288 op, 539632400.00 ns, 1.0293 us/op
WorkloadActual  72: 524288 op, 639640800.00 ns, 1.2200 us/op
WorkloadActual  73: 524288 op, 531778400.00 ns, 1.0143 us/op
WorkloadActual  74: 524288 op, 558603100.00 ns, 1.0655 us/op
WorkloadActual  75: 524288 op, 565872700.00 ns, 1.0793 us/op
WorkloadActual  76: 524288 op, 596204300.00 ns, 1.1372 us/op
WorkloadActual  77: 524288 op, 518943200.00 ns, 989.8056 ns/op
WorkloadActual  78: 524288 op, 543639500.00 ns, 1.0369 us/op
WorkloadActual  79: 524288 op, 529084300.00 ns, 1.0091 us/op
WorkloadActual  80: 524288 op, 634875400.00 ns, 1.2109 us/op
WorkloadActual  81: 524288 op, 542836500.00 ns, 1.0354 us/op
WorkloadActual  82: 524288 op, 529493100.00 ns, 1.0099 us/op
WorkloadActual  83: 524288 op, 509697900.00 ns, 972.1716 ns/op
WorkloadActual  84: 524288 op, 625801800.00 ns, 1.1936 us/op
WorkloadActual  85: 524288 op, 512264000.00 ns, 977.0660 ns/op
WorkloadActual  86: 524288 op, 506841000.00 ns, 966.7225 ns/op
WorkloadActual  87: 524288 op, 559043500.00 ns, 1.0663 us/op
WorkloadActual  88: 524288 op, 631895400.00 ns, 1.2052 us/op
WorkloadActual  89: 524288 op, 512023000.00 ns, 976.6064 ns/op
WorkloadActual  90: 524288 op, 543750900.00 ns, 1.0371 us/op
WorkloadActual  91: 524288 op, 549826400.00 ns, 1.0487 us/op
WorkloadActual  92: 524288 op, 581339800.00 ns, 1.1088 us/op
WorkloadActual  93: 524288 op, 502416000.00 ns, 958.2825 ns/op
WorkloadActual  94: 524288 op, 531802800.00 ns, 1.0143 us/op
WorkloadActual  95: 524288 op, 514554900.00 ns, 981.4356 ns/op
WorkloadActual  96: 524288 op, 513114200.00 ns, 978.6877 ns/op
WorkloadActual  97: 524288 op, 519042900.00 ns, 989.9958 ns/op
WorkloadActual  98: 524288 op, 614555400.00 ns, 1.1722 us/op
WorkloadActual  99: 524288 op, 520051000.00 ns, 991.9186 ns/op
WorkloadActual  100: 524288 op, 571838700.00 ns, 1.0907 us/op

// AfterActualRun
WorkloadResult   1: 524288 op, 720013000.00 ns, 1.3733 us/op
WorkloadResult   2: 524288 op, 604659800.00 ns, 1.1533 us/op
WorkloadResult   3: 524288 op, 647824100.00 ns, 1.2356 us/op
WorkloadResult   4: 524288 op, 631654500.00 ns, 1.2048 us/op
WorkloadResult   5: 524288 op, 605506500.00 ns, 1.1549 us/op
WorkloadResult   6: 524288 op, 550868700.00 ns, 1.0507 us/op
WorkloadResult   7: 524288 op, 656593200.00 ns, 1.2524 us/op
WorkloadResult   8: 524288 op, 561229800.00 ns, 1.0705 us/op
WorkloadResult   9: 524288 op, 557370800.00 ns, 1.0631 us/op
WorkloadResult  10: 524288 op, 628183800.00 ns, 1.1982 us/op
WorkloadResult  11: 524288 op, 558922200.00 ns, 1.0661 us/op
WorkloadResult  12: 524288 op, 545999400.00 ns, 1.0414 us/op
WorkloadResult  13: 524288 op, 555540000.00 ns, 1.0596 us/op
WorkloadResult  14: 524288 op, 562716100.00 ns, 1.0733 us/op
WorkloadResult  15: 524288 op, 630929200.00 ns, 1.2034 us/op
WorkloadResult  16: 524288 op, 541438500.00 ns, 1.0327 us/op
WorkloadResult  17: 524288 op, 531025800.00 ns, 1.0129 us/op
WorkloadResult  18: 524288 op, 533602300.00 ns, 1.0178 us/op
WorkloadResult  19: 524288 op, 585885400.00 ns, 1.1175 us/op
WorkloadResult  20: 524288 op, 663063800.00 ns, 1.2647 us/op
WorkloadResult  21: 524288 op, 571646100.00 ns, 1.0903 us/op
WorkloadResult  22: 524288 op, 608931300.00 ns, 1.1614 us/op
WorkloadResult  23: 524288 op, 630081700.00 ns, 1.2018 us/op
WorkloadResult  24: 524288 op, 573428500.00 ns, 1.0937 us/op
WorkloadResult  25: 524288 op, 685225900.00 ns, 1.3070 us/op
WorkloadResult  26: 524288 op, 559755300.00 ns, 1.0676 us/op
WorkloadResult  27: 524288 op, 566984300.00 ns, 1.0814 us/op
WorkloadResult  28: 524288 op, 550287900.00 ns, 1.0496 us/op
WorkloadResult  29: 524288 op, 631978600.00 ns, 1.2054 us/op
WorkloadResult  30: 524288 op, 536169400.00 ns, 1.0227 us/op
WorkloadResult  31: 524288 op, 529791500.00 ns, 1.0105 us/op
WorkloadResult  32: 524288 op, 613373400.00 ns, 1.1699 us/op
WorkloadResult  33: 524288 op, 647871700.00 ns, 1.2357 us/op
WorkloadResult  34: 524288 op, 645284800.00 ns, 1.2308 us/op
WorkloadResult  35: 524288 op, 671120000.00 ns, 1.2801 us/op
WorkloadResult  36: 524288 op, 567601900.00 ns, 1.0826 us/op
WorkloadResult  37: 524288 op, 538172100.00 ns, 1.0265 us/op
WorkloadResult  38: 524288 op, 643194100.00 ns, 1.2268 us/op
WorkloadResult  39: 524288 op, 520783900.00 ns, 993.3165 ns/op
WorkloadResult  40: 524288 op, 525084400.00 ns, 1.0015 us/op
WorkloadResult  41: 524288 op, 531720300.00 ns, 1.0142 us/op
WorkloadResult  42: 524288 op, 562996800.00 ns, 1.0738 us/op
WorkloadResult  43: 524288 op, 559901200.00 ns, 1.0679 us/op
WorkloadResult  44: 524288 op, 598909700.00 ns, 1.1423 us/op
WorkloadResult  45: 524288 op, 532477900.00 ns, 1.0156 us/op
WorkloadResult  46: 524288 op, 536822600.00 ns, 1.0239 us/op
WorkloadResult  47: 524288 op, 524496500.00 ns, 1.0004 us/op
WorkloadResult  48: 524288 op, 574212600.00 ns, 1.0952 us/op
WorkloadResult  49: 524288 op, 607199500.00 ns, 1.1581 us/op
WorkloadResult  50: 524288 op, 529242200.00 ns, 1.0094 us/op
WorkloadResult  51: 524288 op, 530839000.00 ns, 1.0125 us/op
WorkloadResult  52: 524288 op, 652305300.00 ns, 1.2442 us/op
WorkloadResult  53: 524288 op, 518281400.00 ns, 988.5433 ns/op
WorkloadResult  54: 524288 op, 529588300.00 ns, 1.0101 us/op
WorkloadResult  55: 524288 op, 562840100.00 ns, 1.0735 us/op
WorkloadResult  56: 524288 op, 558126600.00 ns, 1.0645 us/op
WorkloadResult  57: 524288 op, 609437200.00 ns, 1.1624 us/op
WorkloadResult  58: 524288 op, 567962200.00 ns, 1.0833 us/op
WorkloadResult  59: 524288 op, 540117400.00 ns, 1.0302 us/op
WorkloadResult  60: 524288 op, 637992200.00 ns, 1.2169 us/op
WorkloadResult  61: 524288 op, 536526300.00 ns, 1.0233 us/op
WorkloadResult  62: 524288 op, 524742000.00 ns, 1.0009 us/op
WorkloadResult  63: 524288 op, 564665100.00 ns, 1.0770 us/op
WorkloadResult  64: 524288 op, 660496200.00 ns, 1.2598 us/op
WorkloadResult  65: 524288 op, 578119800.00 ns, 1.1027 us/op
WorkloadResult  66: 524288 op, 550599500.00 ns, 1.0502 us/op
WorkloadResult  67: 524288 op, 538702400.00 ns, 1.0275 us/op
WorkloadResult  68: 524288 op, 647720500.00 ns, 1.2354 us/op
WorkloadResult  69: 524288 op, 510087300.00 ns, 972.9143 ns/op
WorkloadResult  70: 524288 op, 518767400.00 ns, 989.4703 ns/op
WorkloadResult  71: 524288 op, 539632400.00 ns, 1.0293 us/op
WorkloadResult  72: 524288 op, 639640800.00 ns, 1.2200 us/op
WorkloadResult  73: 524288 op, 531778400.00 ns, 1.0143 us/op
WorkloadResult  74: 524288 op, 558603100.00 ns, 1.0655 us/op
WorkloadResult  75: 524288 op, 565872700.00 ns, 1.0793 us/op
WorkloadResult  76: 524288 op, 596204300.00 ns, 1.1372 us/op
WorkloadResult  77: 524288 op, 518943200.00 ns, 989.8056 ns/op
WorkloadResult  78: 524288 op, 543639500.00 ns, 1.0369 us/op
WorkloadResult  79: 524288 op, 529084300.00 ns, 1.0091 us/op
WorkloadResult  80: 524288 op, 634875400.00 ns, 1.2109 us/op
WorkloadResult  81: 524288 op, 542836500.00 ns, 1.0354 us/op
WorkloadResult  82: 524288 op, 529493100.00 ns, 1.0099 us/op
WorkloadResult  83: 524288 op, 509697900.00 ns, 972.1716 ns/op
WorkloadResult  84: 524288 op, 625801800.00 ns, 1.1936 us/op
WorkloadResult  85: 524288 op, 512264000.00 ns, 977.0660 ns/op
WorkloadResult  86: 524288 op, 506841000.00 ns, 966.7225 ns/op
WorkloadResult  87: 524288 op, 559043500.00 ns, 1.0663 us/op
WorkloadResult  88: 524288 op, 631895400.00 ns, 1.2052 us/op
WorkloadResult  89: 524288 op, 512023000.00 ns, 976.6064 ns/op
WorkloadResult  90: 524288 op, 543750900.00 ns, 1.0371 us/op
WorkloadResult  91: 524288 op, 549826400.00 ns, 1.0487 us/op
WorkloadResult  92: 524288 op, 581339800.00 ns, 1.1088 us/op
WorkloadResult  93: 524288 op, 502416000.00 ns, 958.2825 ns/op
WorkloadResult  94: 524288 op, 531802800.00 ns, 1.0143 us/op
WorkloadResult  95: 524288 op, 514554900.00 ns, 981.4356 ns/op
WorkloadResult  96: 524288 op, 513114200.00 ns, 978.6877 ns/op
WorkloadResult  97: 524288 op, 519042900.00 ns, 989.9958 ns/op
WorkloadResult  98: 524288 op, 614555400.00 ns, 1.1722 us/op
WorkloadResult  99: 524288 op, 520051000.00 ns, 991.9186 ns/op
WorkloadResult  100: 524288 op, 571838700.00 ns, 1.0907 us/op
// GC:  106 0 0 889210640 524288
// Threading:  0 0 524288

// AfterAll
// Benchmark Process 28000 has exited with code 0.

Mean = 1.090 μs, StdErr = 0.009 μs (0.86%), N = 100, StdDev = 0.094 μs
Min = 0.958 μs, Q1 = 1.014 μs, Median = 1.066 μs, Q3 = 1.162 μs, Max = 1.373 μs
IQR = 0.147 μs, LowerFence = 0.793 μs, UpperFence = 1.383 μs
ConfidenceInterval = [1.058 μs; 1.122 μs] (CI 99.9%), Margin = 0.032 μs (2.92% of Mean)
Skewness = 0.75, Kurtosis = 2.58, MValue = 2.79

// ** Remained 2 (33.3%) benchmark(s) to run. Estimated finish 2026-01-02 20:52 (0h 2m from now) **
Setup power plan (GUID: 8c5e7fda-e8bf-4a96-9a85-a6e23a8c635c FriendlyName: High performance)
// **************************
// Benchmark: SqliteBenchmarks.GetDocumentAsync: DefaultJob [ChangeCount=1000000, GroupSize=1000, StorageMode=sqlite]
// *** Execute ***
// Launch: 1 / 1
// Execute: dotnet 4586ca6b-4acc-4e50-bedd-392f9eb228fd.dll --anonymousPipes 1596 1448 --benchmarkName "Changelog.Benchmarks.SqliteBenchmarks.GetDocumentAsync(ChangeCount: 1000000, GroupSize: 1000, StorageMode: \"sqlite\")" --job Default --benchmarkId 4 in C:\Programming\projects\arcmantle\weave\packages\core\changelog\changelog-net\Changelog.Benchmarks\bin\Release\net10.0\4586ca6b-4acc-4e50-bedd-392f9eb228fd\bin\Release\net10.0
// BeforeAnythingElse

// Benchmark Process Environment Information:
// BenchmarkDotNet v0.14.0
// Runtime=.NET 10.0.1 (10.0.125.57005), X64 RyuJIT AVX2
// GC=Concurrent Workstation
// HardwareIntrinsics=AVX2,AES,BMI1,BMI2,FMA,LZCNT,PCLMUL,POPCNT VectorSize=256
// Job: DefaultJob

Dataset generation complete in 8.7s
OverheadJitting  1: 1 op, 287700.00 ns, 287.7000 us/op
WorkloadJitting  1: 1 op, 16714800.00 ns, 16.7148 ms/op

OverheadJitting  2: 16 op, 614300.00 ns, 38.3938 us/op
WorkloadJitting  2: 16 op, 2221500.00 ns, 138.8438 us/op

WorkloadPilot    1: 16 op, 1897000.00 ns, 118.5625 us/op
WorkloadPilot    2: 32 op, 3462500.00 ns, 108.2031 us/op
WorkloadPilot    3: 64 op, 5588100.00 ns, 87.3141 us/op
WorkloadPilot    4: 128 op, 14102900.00 ns, 110.1789 us/op
WorkloadPilot    5: 256 op, 24098200.00 ns, 94.1336 us/op
WorkloadPilot    6: 512 op, 53369700.00 ns, 104.2377 us/op
WorkloadPilot    7: 1024 op, 116390900.00 ns, 113.6630 us/op
WorkloadPilot    8: 2048 op, 217666300.00 ns, 106.2824 us/op
WorkloadPilot    9: 4096 op, 293662300.00 ns, 71.6949 us/op
WorkloadPilot   10: 8192 op, 604406300.00 ns, 73.7801 us/op

OverheadWarmup   1: 8192 op, 38400.00 ns, 4.6875 ns/op
OverheadWarmup   2: 8192 op, 33400.00 ns, 4.0771 ns/op
OverheadWarmup   3: 8192 op, 33500.00 ns, 4.0894 ns/op
OverheadWarmup   4: 8192 op, 33200.00 ns, 4.0527 ns/op
OverheadWarmup   5: 8192 op, 33500.00 ns, 4.0894 ns/op
OverheadWarmup   6: 8192 op, 32900.00 ns, 4.0161 ns/op

OverheadActual   1: 8192 op, 42800.00 ns, 5.2246 ns/op
OverheadActual   2: 8192 op, 43000.00 ns, 5.2490 ns/op
OverheadActual   3: 8192 op, 45900.00 ns, 5.6030 ns/op
OverheadActual   4: 8192 op, 42200.00 ns, 5.1514 ns/op
OverheadActual   5: 8192 op, 41900.00 ns, 5.1147 ns/op
OverheadActual   6: 8192 op, 44000.00 ns, 5.3711 ns/op
OverheadActual   7: 8192 op, 42000.00 ns, 5.1270 ns/op
OverheadActual   8: 8192 op, 43800.00 ns, 5.3467 ns/op
OverheadActual   9: 8192 op, 43000.00 ns, 5.2490 ns/op
OverheadActual  10: 8192 op, 42500.00 ns, 5.1880 ns/op
OverheadActual  11: 8192 op, 44700.00 ns, 5.4565 ns/op
OverheadActual  12: 8192 op, 43800.00 ns, 5.3467 ns/op
OverheadActual  13: 8192 op, 43200.00 ns, 5.2734 ns/op
OverheadActual  14: 8192 op, 43200.00 ns, 5.2734 ns/op
OverheadActual  15: 8192 op, 43900.00 ns, 5.3589 ns/op

WorkloadWarmup   1: 8192 op, 567183300.00 ns, 69.2362 us/op
WorkloadWarmup   2: 8192 op, 603411200.00 ns, 73.6586 us/op
WorkloadWarmup   3: 8192 op, 627736900.00 ns, 76.6280 us/op
WorkloadWarmup   4: 8192 op, 563626200.00 ns, 68.8020 us/op
WorkloadWarmup   5: 8192 op, 654162500.00 ns, 79.8538 us/op
WorkloadWarmup   6: 8192 op, 614455100.00 ns, 75.0067 us/op

// BeforeActualRun
WorkloadActual   1: 8192 op, 568125600.00 ns, 69.3513 us/op
WorkloadActual   2: 8192 op, 659440000.00 ns, 80.4980 us/op
WorkloadActual   3: 8192 op, 548727500.00 ns, 66.9833 us/op
WorkloadActual   4: 8192 op, 601457300.00 ns, 73.4201 us/op
WorkloadActual   5: 8192 op, 622988200.00 ns, 76.0484 us/op
WorkloadActual   6: 8192 op, 628830200.00 ns, 76.7615 us/op
WorkloadActual   7: 8192 op, 629167000.00 ns, 76.8026 us/op
WorkloadActual   8: 8192 op, 508360400.00 ns, 62.0557 us/op
WorkloadActual   9: 8192 op, 529635200.00 ns, 64.6527 us/op
WorkloadActual  10: 8192 op, 506899900.00 ns, 61.8774 us/op
WorkloadActual  11: 8192 op, 650331500.00 ns, 79.3862 us/op
WorkloadActual  12: 8192 op, 549033700.00 ns, 67.0207 us/op
WorkloadActual  13: 8192 op, 520303300.00 ns, 63.5136 us/op
WorkloadActual  14: 8192 op, 520910800.00 ns, 63.5877 us/op
WorkloadActual  15: 8192 op, 627794700.00 ns, 76.6351 us/op
WorkloadActual  16: 8192 op, 522030000.00 ns, 63.7244 us/op
WorkloadActual  17: 8192 op, 511865200.00 ns, 62.4835 us/op
WorkloadActual  18: 8192 op, 634590400.00 ns, 77.4646 us/op
WorkloadActual  19: 8192 op, 526633300.00 ns, 64.2863 us/op
WorkloadActual  20: 8192 op, 537494200.00 ns, 65.6121 us/op
WorkloadActual  21: 8192 op, 546865900.00 ns, 66.7561 us/op
WorkloadActual  22: 8192 op, 595331100.00 ns, 72.6723 us/op
WorkloadActual  23: 8192 op, 494457400.00 ns, 60.3586 us/op
WorkloadActual  24: 8192 op, 610510800.00 ns, 74.5252 us/op
WorkloadActual  25: 8192 op, 542722600.00 ns, 66.2503 us/op
WorkloadActual  26: 8192 op, 556601700.00 ns, 67.9445 us/op
WorkloadActual  27: 8192 op, 517244700.00 ns, 63.1402 us/op
WorkloadActual  28: 8192 op, 616655800.00 ns, 75.2754 us/op
WorkloadActual  29: 8192 op, 523944800.00 ns, 63.9581 us/op
WorkloadActual  30: 8192 op, 554031100.00 ns, 67.6307 us/op
WorkloadActual  31: 8192 op, 563163900.00 ns, 68.7456 us/op
WorkloadActual  32: 8192 op, 550842000.00 ns, 67.2415 us/op
WorkloadActual  33: 8192 op, 503012000.00 ns, 61.4028 us/op
WorkloadActual  34: 8192 op, 511436300.00 ns, 62.4312 us/op
WorkloadActual  35: 8192 op, 510230900.00 ns, 62.2840 us/op
WorkloadActual  36: 8192 op, 506445400.00 ns, 61.8219 us/op
WorkloadActual  37: 8192 op, 580576900.00 ns, 70.8712 us/op
WorkloadActual  38: 8192 op, 520676500.00 ns, 63.5591 us/op
WorkloadActual  39: 8192 op, 489899200.00 ns, 59.8021 us/op
WorkloadActual  40: 8192 op, 490327300.00 ns, 59.8544 us/op
WorkloadActual  41: 8192 op, 585449100.00 ns, 71.4660 us/op
WorkloadActual  42: 8192 op, 556245900.00 ns, 67.9011 us/op
WorkloadActual  43: 8192 op, 507843700.00 ns, 61.9926 us/op
WorkloadActual  44: 8192 op, 502675600.00 ns, 61.3618 us/op
WorkloadActual  45: 8192 op, 496070500.00 ns, 60.5555 us/op
WorkloadActual  46: 8192 op, 523493300.00 ns, 63.9030 us/op
WorkloadActual  47: 8192 op, 576895400.00 ns, 70.4218 us/op
WorkloadActual  48: 8192 op, 488941600.00 ns, 59.6853 us/op
WorkloadActual  49: 8192 op, 481902400.00 ns, 58.8260 us/op
WorkloadActual  50: 8192 op, 512066200.00 ns, 62.5081 us/op
WorkloadActual  51: 8192 op, 592399900.00 ns, 72.3144 us/op
WorkloadActual  52: 8192 op, 521166200.00 ns, 63.6189 us/op
WorkloadActual  53: 8192 op, 487225200.00 ns, 59.4757 us/op
WorkloadActual  54: 8192 op, 494642700.00 ns, 60.3812 us/op
WorkloadActual  55: 8192 op, 489573400.00 ns, 59.7624 us/op
WorkloadActual  56: 8192 op, 503474100.00 ns, 61.4592 us/op
WorkloadActual  57: 8192 op, 625691500.00 ns, 76.3784 us/op
WorkloadActual  58: 8192 op, 604689500.00 ns, 73.8146 us/op
WorkloadActual  59: 8192 op, 698789200.00 ns, 85.3014 us/op
WorkloadActual  60: 8192 op, 601833500.00 ns, 73.4660 us/op
WorkloadActual  61: 8192 op, 626525400.00 ns, 76.4802 us/op
WorkloadActual  62: 8192 op, 633263000.00 ns, 77.3026 us/op
WorkloadActual  63: 8192 op, 552532500.00 ns, 67.4478 us/op
WorkloadActual  64: 8192 op, 529737000.00 ns, 64.6652 us/op
WorkloadActual  65: 8192 op, 607135200.00 ns, 74.1132 us/op
WorkloadActual  66: 8192 op, 526810600.00 ns, 64.3079 us/op
WorkloadActual  67: 8192 op, 524104500.00 ns, 63.9776 us/op
WorkloadActual  68: 8192 op, 533148000.00 ns, 65.0815 us/op
WorkloadActual  69: 8192 op, 637610200.00 ns, 77.8333 us/op
WorkloadActual  70: 8192 op, 541821400.00 ns, 66.1403 us/op
WorkloadActual  71: 8192 op, 499136400.00 ns, 60.9297 us/op
WorkloadActual  72: 8192 op, 640057400.00 ns, 78.1320 us/op
WorkloadActual  73: 8192 op, 530066200.00 ns, 64.7053 us/op
WorkloadActual  74: 8192 op, 495884700.00 ns, 60.5328 us/op
WorkloadActual  75: 8192 op, 483991000.00 ns, 59.0809 us/op
WorkloadActual  76: 8192 op, 489769800.00 ns, 59.7864 us/op
WorkloadActual  77: 8192 op, 613452900.00 ns, 74.8844 us/op
WorkloadActual  78: 8192 op, 489453900.00 ns, 59.7478 us/op
WorkloadActual  79: 8192 op, 482655400.00 ns, 58.9179 us/op
WorkloadActual  80: 8192 op, 542539100.00 ns, 66.2279 us/op
WorkloadActual  81: 8192 op, 527007600.00 ns, 64.3320 us/op
WorkloadActual  82: 8192 op, 611145500.00 ns, 74.6027 us/op
WorkloadActual  83: 8192 op, 483484700.00 ns, 59.0191 us/op
WorkloadActual  84: 8192 op, 490986200.00 ns, 59.9348 us/op
WorkloadActual  85: 8192 op, 512572400.00 ns, 62.5699 us/op
WorkloadActual  86: 8192 op, 515944700.00 ns, 62.9815 us/op
WorkloadActual  87: 8192 op, 563738500.00 ns, 68.8157 us/op
WorkloadActual  88: 8192 op, 493821800.00 ns, 60.2810 us/op
WorkloadActual  89: 8192 op, 530203800.00 ns, 64.7221 us/op
WorkloadActual  90: 8192 op, 536414400.00 ns, 65.4803 us/op
WorkloadActual  91: 8192 op, 554797500.00 ns, 67.7243 us/op
WorkloadActual  92: 8192 op, 496372900.00 ns, 60.5924 us/op
WorkloadActual  93: 8192 op, 520651300.00 ns, 63.5561 us/op
WorkloadActual  94: 8192 op, 586064000.00 ns, 71.5410 us/op
WorkloadActual  95: 8192 op, 542443400.00 ns, 66.2162 us/op
WorkloadActual  96: 8192 op, 493547900.00 ns, 60.2475 us/op
WorkloadActual  97: 8192 op, 500091000.00 ns, 61.0463 us/op
WorkloadActual  98: 8192 op, 500280500.00 ns, 61.0694 us/op
WorkloadActual  99: 8192 op, 589461700.00 ns, 71.9558 us/op
WorkloadActual  100: 8192 op, 501968100.00 ns, 61.2754 us/op

// AfterActualRun
WorkloadResult   1: 8192 op, 568082400.00 ns, 69.3460 us/op
WorkloadResult   2: 8192 op, 659396800.00 ns, 80.4928 us/op
WorkloadResult   3: 8192 op, 548684300.00 ns, 66.9781 us/op
WorkloadResult   4: 8192 op, 601414100.00 ns, 73.4148 us/op
WorkloadResult   5: 8192 op, 622945000.00 ns, 76.0431 us/op
WorkloadResult   6: 8192 op, 628787000.00 ns, 76.7562 us/op
WorkloadResult   7: 8192 op, 629123800.00 ns, 76.7973 us/op
WorkloadResult   8: 8192 op, 508317200.00 ns, 62.0504 us/op
WorkloadResult   9: 8192 op, 529592000.00 ns, 64.6475 us/op
WorkloadResult  10: 8192 op, 506856700.00 ns, 61.8722 us/op
WorkloadResult  11: 8192 op, 650288300.00 ns, 79.3809 us/op
WorkloadResult  12: 8192 op, 548990500.00 ns, 67.0154 us/op
WorkloadResult  13: 8192 op, 520260100.00 ns, 63.5083 us/op
WorkloadResult  14: 8192 op, 520867600.00 ns, 63.5825 us/op
WorkloadResult  15: 8192 op, 627751500.00 ns, 76.6298 us/op
WorkloadResult  16: 8192 op, 521986800.00 ns, 63.7191 us/op
WorkloadResult  17: 8192 op, 511822000.00 ns, 62.4783 us/op
WorkloadResult  18: 8192 op, 634547200.00 ns, 77.4594 us/op
WorkloadResult  19: 8192 op, 526590100.00 ns, 64.2810 us/op
WorkloadResult  20: 8192 op, 537451000.00 ns, 65.6068 us/op
WorkloadResult  21: 8192 op, 546822700.00 ns, 66.7508 us/op
WorkloadResult  22: 8192 op, 595287900.00 ns, 72.6670 us/op
WorkloadResult  23: 8192 op, 494414200.00 ns, 60.3533 us/op
WorkloadResult  24: 8192 op, 610467600.00 ns, 74.5200 us/op
WorkloadResult  25: 8192 op, 542679400.00 ns, 66.2450 us/op
WorkloadResult  26: 8192 op, 556558500.00 ns, 67.9393 us/op
WorkloadResult  27: 8192 op, 517201500.00 ns, 63.1349 us/op
WorkloadResult  28: 8192 op, 616612600.00 ns, 75.2701 us/op
WorkloadResult  29: 8192 op, 523901600.00 ns, 63.9528 us/op
WorkloadResult  30: 8192 op, 553987900.00 ns, 67.6255 us/op
WorkloadResult  31: 8192 op, 563120700.00 ns, 68.7403 us/op
WorkloadResult  32: 8192 op, 550798800.00 ns, 67.2362 us/op
WorkloadResult  33: 8192 op, 502968800.00 ns, 61.3976 us/op
WorkloadResult  34: 8192 op, 511393100.00 ns, 62.4259 us/op
WorkloadResult  35: 8192 op, 510187700.00 ns, 62.2788 us/op
WorkloadResult  36: 8192 op, 506402200.00 ns, 61.8167 us/op
WorkloadResult  37: 8192 op, 580533700.00 ns, 70.8659 us/op
WorkloadResult  38: 8192 op, 520633300.00 ns, 63.5539 us/op
WorkloadResult  39: 8192 op, 489856000.00 ns, 59.7969 us/op
WorkloadResult  40: 8192 op, 490284100.00 ns, 59.8491 us/op
WorkloadResult  41: 8192 op, 585405900.00 ns, 71.4607 us/op
WorkloadResult  42: 8192 op, 556202700.00 ns, 67.8958 us/op
WorkloadResult  43: 8192 op, 507800500.00 ns, 61.9874 us/op
WorkloadResult  44: 8192 op, 502632400.00 ns, 61.3565 us/op
WorkloadResult  45: 8192 op, 496027300.00 ns, 60.5502 us/op
WorkloadResult  46: 8192 op, 523450100.00 ns, 63.8977 us/op
WorkloadResult  47: 8192 op, 576852200.00 ns, 70.4165 us/op
WorkloadResult  48: 8192 op, 488898400.00 ns, 59.6800 us/op
WorkloadResult  49: 8192 op, 481859200.00 ns, 58.8207 us/op
WorkloadResult  50: 8192 op, 512023000.00 ns, 62.5028 us/op
WorkloadResult  51: 8192 op, 592356700.00 ns, 72.3092 us/op
WorkloadResult  52: 8192 op, 521123000.00 ns, 63.6136 us/op
WorkloadResult  53: 8192 op, 487182000.00 ns, 59.4705 us/op
WorkloadResult  54: 8192 op, 494599500.00 ns, 60.3759 us/op
WorkloadResult  55: 8192 op, 489530200.00 ns, 59.7571 us/op
WorkloadResult  56: 8192 op, 503430900.00 ns, 61.4540 us/op
WorkloadResult  57: 8192 op, 625648300.00 ns, 76.3731 us/op
WorkloadResult  58: 8192 op, 604646300.00 ns, 73.8094 us/op
WorkloadResult  59: 8192 op, 698746000.00 ns, 85.2961 us/op
WorkloadResult  60: 8192 op, 601790300.00 ns, 73.4607 us/op
WorkloadResult  61: 8192 op, 626482200.00 ns, 76.4749 us/op
WorkloadResult  62: 8192 op, 633219800.00 ns, 77.2973 us/op
WorkloadResult  63: 8192 op, 552489300.00 ns, 67.4425 us/op
WorkloadResult  64: 8192 op, 529693800.00 ns, 64.6599 us/op
WorkloadResult  65: 8192 op, 607092000.00 ns, 74.1079 us/op
WorkloadResult  66: 8192 op, 526767400.00 ns, 64.3027 us/op
WorkloadResult  67: 8192 op, 524061300.00 ns, 63.9723 us/op
WorkloadResult  68: 8192 op, 533104800.00 ns, 65.0763 us/op
WorkloadResult  69: 8192 op, 637567000.00 ns, 77.8280 us/op
WorkloadResult  70: 8192 op, 541778200.00 ns, 66.1350 us/op
WorkloadResult  71: 8192 op, 499093200.00 ns, 60.9245 us/op
WorkloadResult  72: 8192 op, 640014200.00 ns, 78.1267 us/op
WorkloadResult  73: 8192 op, 530023000.00 ns, 64.7001 us/op
WorkloadResult  74: 8192 op, 495841500.00 ns, 60.5275 us/op
WorkloadResult  75: 8192 op, 483947800.00 ns, 59.0757 us/op
WorkloadResult  76: 8192 op, 489726600.00 ns, 59.7811 us/op
WorkloadResult  77: 8192 op, 613409700.00 ns, 74.8791 us/op
WorkloadResult  78: 8192 op, 489410700.00 ns, 59.7425 us/op
WorkloadResult  79: 8192 op, 482612200.00 ns, 58.9126 us/op
WorkloadResult  80: 8192 op, 542495900.00 ns, 66.2226 us/op
WorkloadResult  81: 8192 op, 526964400.00 ns, 64.3267 us/op
WorkloadResult  82: 8192 op, 611102300.00 ns, 74.5974 us/op
WorkloadResult  83: 8192 op, 483441500.00 ns, 59.0139 us/op
WorkloadResult  84: 8192 op, 490943000.00 ns, 59.9296 us/op
WorkloadResult  85: 8192 op, 512529200.00 ns, 62.5646 us/op
WorkloadResult  86: 8192 op, 515901500.00 ns, 62.9763 us/op
WorkloadResult  87: 8192 op, 563695300.00 ns, 68.8105 us/op
WorkloadResult  88: 8192 op, 493778600.00 ns, 60.2757 us/op
WorkloadResult  89: 8192 op, 530160600.00 ns, 64.7169 us/op
WorkloadResult  90: 8192 op, 536371200.00 ns, 65.4750 us/op
WorkloadResult  91: 8192 op, 554754300.00 ns, 67.7190 us/op
WorkloadResult  92: 8192 op, 496329700.00 ns, 60.5871 us/op
WorkloadResult  93: 8192 op, 520608100.00 ns, 63.5508 us/op
WorkloadResult  94: 8192 op, 586020800.00 ns, 71.5357 us/op
WorkloadResult  95: 8192 op, 542400200.00 ns, 66.2110 us/op
WorkloadResult  96: 8192 op, 493504700.00 ns, 60.2423 us/op
WorkloadResult  97: 8192 op, 500047800.00 ns, 61.0410 us/op
WorkloadResult  98: 8192 op, 500237300.00 ns, 61.0641 us/op
WorkloadResult  99: 8192 op, 589418500.00 ns, 71.9505 us/op
WorkloadResult  100: 8192 op, 501924900.00 ns, 61.2701 us/op
// GC:  2 0 0 24512584 8192
// Threading:  0 0 8192

// AfterAll
// Benchmark Process 49284 has exited with code 0.

Mean = 66.610 μs, StdErr = 0.624 μs (0.94%), N = 100, StdDev = 6.238 μs
Min = 58.821 μs, Q1 = 61.440 μs, Median = 64.654 μs, Q3 = 71.479 μs, Max = 85.296 μs
IQR = 10.040 μs, LowerFence = 46.380 μs, UpperFence = 86.539 μs
ConfidenceInterval = [64.494 μs; 68.726 μs] (CI 99.9%), Margin = 2.116 μs (3.18% of Mean)
Skewness = 0.78, Kurtosis = 2.57, MValue = 2.56

// ** Remained 1 (16.7%) benchmark(s) to run. Estimated finish 2026-01-02 20:53 (0h 1m from now) **
Setup power plan (GUID: 8c5e7fda-e8bf-4a96-9a85-a6e23a8c635c FriendlyName: High performance)
// **************************
// Benchmark: SqliteBenchmarks.GetDocumentAsync: DefaultJob [ChangeCount=1000000, GroupSize=1000, StorageMode=sqlite+cache]
// *** Execute ***
// Launch: 1 / 1
// Execute: dotnet 4586ca6b-4acc-4e50-bedd-392f9eb228fd.dll --anonymousPipes 1844 1864 --benchmarkName "Changelog.Benchmarks.SqliteBenchmarks.GetDocumentAsync(ChangeCount: 1000000, GroupSize: 1000, StorageMode: \"sqlite+cache\")" --job Default --benchmarkId 5 in C:\Programming\projects\arcmantle\weave\packages\core\changelog\changelog-net\Changelog.Benchmarks\bin\Release\net10.0\4586ca6b-4acc-4e50-bedd-392f9eb228fd\bin\Release\net10.0
// BeforeAnythingElse

// Benchmark Process Environment Information:
// BenchmarkDotNet v0.14.0
// Runtime=.NET 10.0.1 (10.0.125.57005), X64 RyuJIT AVX2
// GC=Concurrent Workstation
// HardwareIntrinsics=AVX2,AES,BMI1,BMI2,FMA,LZCNT,PCLMUL,POPCNT VectorSize=256
// Job: DefaultJob

OverheadJitting  1: 1 op, 304300.00 ns, 304.3000 us/op
WorkloadJitting  1: 1 op, 38546300.00 ns, 38.5463 ms/op

WorkloadPilot    1: 2 op, 207100.00 ns, 103.5500 us/op
WorkloadPilot    2: 3 op, 49500.00 ns, 16.5000 us/op
WorkloadPilot    3: 4 op, 102900.00 ns, 25.7250 us/op
WorkloadPilot    4: 5 op, 80400.00 ns, 16.0800 us/op
WorkloadPilot    5: 6 op, 73500.00 ns, 12.2500 us/op
WorkloadPilot    6: 7 op, 58800.00 ns, 8.4000 us/op
WorkloadPilot    7: 8 op, 69000.00 ns, 8.6250 us/op
WorkloadPilot    8: 9 op, 91500.00 ns, 10.1667 us/op
WorkloadPilot    9: 10 op, 78900.00 ns, 7.8900 us/op
WorkloadPilot   10: 11 op, 86500.00 ns, 7.8636 us/op
WorkloadPilot   11: 12 op, 88800.00 ns, 7.4000 us/op
WorkloadPilot   12: 13 op, 313700.00 ns, 24.1308 us/op
WorkloadPilot   13: 14 op, 129400.00 ns, 9.2429 us/op
WorkloadPilot   14: 15 op, 152600.00 ns, 10.1733 us/op
WorkloadPilot   15: 16 op, 141600.00 ns, 8.8500 us/op
WorkloadPilot   16: 32 op, 199400.00 ns, 6.2313 us/op
WorkloadPilot   17: 64 op, 451600.00 ns, 7.0563 us/op
WorkloadPilot   18: 128 op, 676500.00 ns, 5.2852 us/op
WorkloadPilot   19: 256 op, 1746800.00 ns, 6.8234 us/op
WorkloadPilot   20: 512 op, 2938000.00 ns, 5.7383 us/op
WorkloadPilot   21: 1024 op, 6142100.00 ns, 5.9981 us/op
WorkloadPilot   22: 2048 op, 13155400.00 ns, 6.4235 us/op
WorkloadPilot   23: 4096 op, 24579400.00 ns, 6.0008 us/op
WorkloadPilot   24: 8192 op, 45914100.00 ns, 5.6047 us/op
WorkloadPilot   25: 16384 op, 71146500.00 ns, 4.3424 us/op
WorkloadPilot   26: 32768 op, 115413800.00 ns, 3.5221 us/op
WorkloadPilot   27: 65536 op, 206471100.00 ns, 3.1505 us/op
WorkloadPilot   28: 131072 op, 392087800.00 ns, 2.9914 us/op
WorkloadPilot   29: 262144 op, 397066900.00 ns, 1.5147 us/op
WorkloadPilot   30: 524288 op, 527905100.00 ns, 1.0069 us/op

WorkloadWarmup   1: 524288 op, 620396200.00 ns, 1.1833 us/op
WorkloadWarmup   2: 524288 op, 528623600.00 ns, 1.0083 us/op
WorkloadWarmup   3: 524288 op, 524909500.00 ns, 1.0012 us/op
WorkloadWarmup   4: 524288 op, 521835000.00 ns, 995.3213 ns/op
WorkloadWarmup   5: 524288 op, 523633500.00 ns, 998.7516 ns/op
WorkloadWarmup   6: 524288 op, 540186100.00 ns, 1.0303 us/op
WorkloadWarmup   7: 524288 op, 634578900.00 ns, 1.2104 us/op
WorkloadWarmup   8: 524288 op, 536205500.00 ns, 1.0227 us/op
WorkloadWarmup   9: 524288 op, 578831500.00 ns, 1.1040 us/op
WorkloadWarmup  10: 524288 op, 532459200.00 ns, 1.0156 us/op

// BeforeActualRun
WorkloadActual   1: 524288 op, 538579800.00 ns, 1.0273 us/op
WorkloadActual   2: 524288 op, 610848800.00 ns, 1.1651 us/op
WorkloadActual   3: 524288 op, 533896200.00 ns, 1.0183 us/op
WorkloadActual   4: 524288 op, 555007200.00 ns, 1.0586 us/op
WorkloadActual   5: 524288 op, 639420500.00 ns, 1.2196 us/op
WorkloadActual   6: 524288 op, 539117100.00 ns, 1.0283 us/op
WorkloadActual   7: 524288 op, 531424900.00 ns, 1.0136 us/op
WorkloadActual   8: 524288 op, 544924500.00 ns, 1.0394 us/op
WorkloadActual   9: 524288 op, 629533500.00 ns, 1.2007 us/op
WorkloadActual  10: 524288 op, 589258500.00 ns, 1.1239 us/op
WorkloadActual  11: 524288 op, 537764300.00 ns, 1.0257 us/op
WorkloadActual  12: 524288 op, 551800400.00 ns, 1.0525 us/op
WorkloadActual  13: 524288 op, 650232400.00 ns, 1.2402 us/op
WorkloadActual  14: 524288 op, 608910200.00 ns, 1.1614 us/op
WorkloadActual  15: 524288 op, 649245500.00 ns, 1.2383 us/op
WorkloadActual  16: 524288 op, 550848400.00 ns, 1.0507 us/op
WorkloadActual  17: 524288 op, 531991100.00 ns, 1.0147 us/op
WorkloadActual  18: 524288 op, 519981500.00 ns, 991.7860 ns/op
WorkloadActual  19: 524288 op, 560970000.00 ns, 1.0700 us/op
WorkloadActual  20: 524288 op, 689579300.00 ns, 1.3153 us/op
WorkloadActual  21: 524288 op, 602649400.00 ns, 1.1495 us/op
WorkloadActual  22: 524288 op, 651714600.00 ns, 1.2430 us/op
WorkloadActual  23: 524288 op, 627080700.00 ns, 1.1961 us/op
WorkloadActual  24: 524288 op, 561328800.00 ns, 1.0706 us/op
WorkloadActual  25: 524288 op, 656674800.00 ns, 1.2525 us/op
WorkloadActual  26: 524288 op, 537071600.00 ns, 1.0244 us/op
WorkloadActual  27: 524288 op, 565751500.00 ns, 1.0791 us/op
WorkloadActual  28: 524288 op, 537750200.00 ns, 1.0257 us/op
WorkloadActual  29: 524288 op, 647029700.00 ns, 1.2341 us/op
WorkloadActual  30: 524288 op, 543959200.00 ns, 1.0375 us/op
WorkloadActual  31: 524288 op, 565381800.00 ns, 1.0784 us/op
WorkloadActual  32: 524288 op, 565184000.00 ns, 1.0780 us/op
WorkloadActual  33: 524288 op, 619073400.00 ns, 1.1808 us/op
WorkloadActual  34: 524288 op, 549332200.00 ns, 1.0478 us/op
WorkloadActual  35: 524288 op, 562346900.00 ns, 1.0726 us/op
WorkloadActual  36: 524288 op, 554256100.00 ns, 1.0572 us/op
WorkloadActual  37: 524288 op, 644230600.00 ns, 1.2288 us/op
WorkloadActual  38: 524288 op, 542442100.00 ns, 1.0346 us/op
WorkloadActual  39: 524288 op, 507054100.00 ns, 967.1289 ns/op
WorkloadActual  40: 524288 op, 642889600.00 ns, 1.2262 us/op
WorkloadActual  41: 524288 op, 640566200.00 ns, 1.2218 us/op
WorkloadActual  42: 524288 op, 570225700.00 ns, 1.0876 us/op
WorkloadActual  43: 524288 op, 564243900.00 ns, 1.0762 us/op
WorkloadActual  44: 524288 op, 641645700.00 ns, 1.2238 us/op
WorkloadActual  45: 524288 op, 576599100.00 ns, 1.0998 us/op
WorkloadActual  46: 524288 op, 569729500.00 ns, 1.0867 us/op
WorkloadActual  47: 524288 op, 645729800.00 ns, 1.2316 us/op
WorkloadActual  48: 524288 op, 549232700.00 ns, 1.0476 us/op
WorkloadActual  49: 524288 op, 588109000.00 ns, 1.1217 us/op
WorkloadActual  50: 524288 op, 624313800.00 ns, 1.1908 us/op
WorkloadActual  51: 524288 op, 577381000.00 ns, 1.1013 us/op
WorkloadActual  52: 524288 op, 548604300.00 ns, 1.0464 us/op
WorkloadActual  53: 524288 op, 575020000.00 ns, 1.0968 us/op
WorkloadActual  54: 524288 op, 639276700.00 ns, 1.2193 us/op
WorkloadActual  55: 524288 op, 539802000.00 ns, 1.0296 us/op
WorkloadActual  56: 524288 op, 614931100.00 ns, 1.1729 us/op
WorkloadActual  57: 524288 op, 623527400.00 ns, 1.1893 us/op
WorkloadActual  58: 524288 op, 569160700.00 ns, 1.0856 us/op
WorkloadActual  59: 524288 op, 533729400.00 ns, 1.0180 us/op
WorkloadActual  60: 524288 op, 663502500.00 ns, 1.2655 us/op
WorkloadActual  61: 524288 op, 556834900.00 ns, 1.0621 us/op
WorkloadActual  62: 524288 op, 587609900.00 ns, 1.1208 us/op
WorkloadActual  63: 524288 op, 639300100.00 ns, 1.2194 us/op
WorkloadActual  64: 524288 op, 651773900.00 ns, 1.2432 us/op
WorkloadActual  65: 524288 op, 565598200.00 ns, 1.0788 us/op
WorkloadActual  66: 524288 op, 534383300.00 ns, 1.0193 us/op
WorkloadActual  67: 524288 op, 628020800.00 ns, 1.1979 us/op
WorkloadActual  68: 524288 op, 583113200.00 ns, 1.1122 us/op
WorkloadActual  69: 524288 op, 557433500.00 ns, 1.0632 us/op
WorkloadActual  70: 524288 op, 640745700.00 ns, 1.2221 us/op
WorkloadActual  71: 524288 op, 601007900.00 ns, 1.1463 us/op
WorkloadActual  72: 524288 op, 628291600.00 ns, 1.1984 us/op
WorkloadActual  73: 524288 op, 636009800.00 ns, 1.2131 us/op
WorkloadActual  74: 524288 op, 555195400.00 ns, 1.0590 us/op
WorkloadActual  75: 524288 op, 569957600.00 ns, 1.0871 us/op
WorkloadActual  76: 524288 op, 560192800.00 ns, 1.0685 us/op
WorkloadActual  77: 524288 op, 629936300.00 ns, 1.2015 us/op
WorkloadActual  78: 524288 op, 731623300.00 ns, 1.3955 us/op
WorkloadActual  79: 524288 op, 689110600.00 ns, 1.3144 us/op
WorkloadActual  80: 524288 op, 723819700.00 ns, 1.3806 us/op
WorkloadActual  81: 524288 op, 681710700.00 ns, 1.3003 us/op
WorkloadActual  82: 524288 op, 704608700.00 ns, 1.3439 us/op
WorkloadActual  83: 524288 op, 619494100.00 ns, 1.1816 us/op
WorkloadActual  84: 524288 op, 719330400.00 ns, 1.3720 us/op
WorkloadActual  85: 524288 op, 642757400.00 ns, 1.2260 us/op
WorkloadActual  86: 524288 op, 693567700.00 ns, 1.3229 us/op
WorkloadActual  87: 524288 op, 688685700.00 ns, 1.3136 us/op
WorkloadActual  88: 524288 op, 684137800.00 ns, 1.3049 us/op
WorkloadActual  89: 524288 op, 667917400.00 ns, 1.2740 us/op
WorkloadActual  90: 524288 op, 725693300.00 ns, 1.3842 us/op
WorkloadActual  91: 524288 op, 680960700.00 ns, 1.2988 us/op
WorkloadActual  92: 524288 op, 655594600.00 ns, 1.2504 us/op
WorkloadActual  93: 524288 op, 687126300.00 ns, 1.3106 us/op
WorkloadActual  94: 524288 op, 712923000.00 ns, 1.3598 us/op
WorkloadActual  95: 524288 op, 745217300.00 ns, 1.4214 us/op
WorkloadActual  96: 524288 op, 754660700.00 ns, 1.4394 us/op
WorkloadActual  97: 524288 op, 764757600.00 ns, 1.4587 us/op
WorkloadActual  98: 524288 op, 752117000.00 ns, 1.4345 us/op
WorkloadActual  99: 524288 op, 758964900.00 ns, 1.4476 us/op
WorkloadActual  100: 524288 op, 761034400.00 ns, 1.4516 us/op

// AfterActualRun
WorkloadResult   1: 524288 op, 538579800.00 ns, 1.0273 us/op
WorkloadResult   2: 524288 op, 610848800.00 ns, 1.1651 us/op
WorkloadResult   3: 524288 op, 533896200.00 ns, 1.0183 us/op
WorkloadResult   4: 524288 op, 555007200.00 ns, 1.0586 us/op
WorkloadResult   5: 524288 op, 639420500.00 ns, 1.2196 us/op
WorkloadResult   6: 524288 op, 539117100.00 ns, 1.0283 us/op
WorkloadResult   7: 524288 op, 531424900.00 ns, 1.0136 us/op
WorkloadResult   8: 524288 op, 544924500.00 ns, 1.0394 us/op
WorkloadResult   9: 524288 op, 629533500.00 ns, 1.2007 us/op
WorkloadResult  10: 524288 op, 589258500.00 ns, 1.1239 us/op
WorkloadResult  11: 524288 op, 537764300.00 ns, 1.0257 us/op
WorkloadResult  12: 524288 op, 551800400.00 ns, 1.0525 us/op
WorkloadResult  13: 524288 op, 650232400.00 ns, 1.2402 us/op
WorkloadResult  14: 524288 op, 608910200.00 ns, 1.1614 us/op
WorkloadResult  15: 524288 op, 649245500.00 ns, 1.2383 us/op
WorkloadResult  16: 524288 op, 550848400.00 ns, 1.0507 us/op
WorkloadResult  17: 524288 op, 531991100.00 ns, 1.0147 us/op
WorkloadResult  18: 524288 op, 519981500.00 ns, 991.7860 ns/op
WorkloadResult  19: 524288 op, 560970000.00 ns, 1.0700 us/op
WorkloadResult  20: 524288 op, 689579300.00 ns, 1.3153 us/op
WorkloadResult  21: 524288 op, 602649400.00 ns, 1.1495 us/op
WorkloadResult  22: 524288 op, 651714600.00 ns, 1.2430 us/op
WorkloadResult  23: 524288 op, 627080700.00 ns, 1.1961 us/op
WorkloadResult  24: 524288 op, 561328800.00 ns, 1.0706 us/op
WorkloadResult  25: 524288 op, 656674800.00 ns, 1.2525 us/op
WorkloadResult  26: 524288 op, 537071600.00 ns, 1.0244 us/op
WorkloadResult  27: 524288 op, 565751500.00 ns, 1.0791 us/op
WorkloadResult  28: 524288 op, 537750200.00 ns, 1.0257 us/op
WorkloadResult  29: 524288 op, 647029700.00 ns, 1.2341 us/op
WorkloadResult  30: 524288 op, 543959200.00 ns, 1.0375 us/op
WorkloadResult  31: 524288 op, 565381800.00 ns, 1.0784 us/op
WorkloadResult  32: 524288 op, 565184000.00 ns, 1.0780 us/op
WorkloadResult  33: 524288 op, 619073400.00 ns, 1.1808 us/op
WorkloadResult  34: 524288 op, 549332200.00 ns, 1.0478 us/op
WorkloadResult  35: 524288 op, 562346900.00 ns, 1.0726 us/op
WorkloadResult  36: 524288 op, 554256100.00 ns, 1.0572 us/op
WorkloadResult  37: 524288 op, 644230600.00 ns, 1.2288 us/op
WorkloadResult  38: 524288 op, 542442100.00 ns, 1.0346 us/op
WorkloadResult  39: 524288 op, 507054100.00 ns, 967.1289 ns/op
WorkloadResult  40: 524288 op, 642889600.00 ns, 1.2262 us/op
WorkloadResult  41: 524288 op, 640566200.00 ns, 1.2218 us/op
WorkloadResult  42: 524288 op, 570225700.00 ns, 1.0876 us/op
WorkloadResult  43: 524288 op, 564243900.00 ns, 1.0762 us/op
WorkloadResult  44: 524288 op, 641645700.00 ns, 1.2238 us/op
WorkloadResult  45: 524288 op, 576599100.00 ns, 1.0998 us/op
WorkloadResult  46: 524288 op, 569729500.00 ns, 1.0867 us/op
WorkloadResult  47: 524288 op, 645729800.00 ns, 1.2316 us/op
WorkloadResult  48: 524288 op, 549232700.00 ns, 1.0476 us/op
WorkloadResult  49: 524288 op, 588109000.00 ns, 1.1217 us/op
WorkloadResult  50: 524288 op, 624313800.00 ns, 1.1908 us/op
WorkloadResult  51: 524288 op, 577381000.00 ns, 1.1013 us/op
WorkloadResult  52: 524288 op, 548604300.00 ns, 1.0464 us/op
WorkloadResult  53: 524288 op, 575020000.00 ns, 1.0968 us/op
WorkloadResult  54: 524288 op, 639276700.00 ns, 1.2193 us/op
WorkloadResult  55: 524288 op, 539802000.00 ns, 1.0296 us/op
WorkloadResult  56: 524288 op, 614931100.00 ns, 1.1729 us/op
WorkloadResult  57: 524288 op, 623527400.00 ns, 1.1893 us/op
WorkloadResult  58: 524288 op, 569160700.00 ns, 1.0856 us/op
WorkloadResult  59: 524288 op, 533729400.00 ns, 1.0180 us/op
WorkloadResult  60: 524288 op, 663502500.00 ns, 1.2655 us/op
WorkloadResult  61: 524288 op, 556834900.00 ns, 1.0621 us/op
WorkloadResult  62: 524288 op, 587609900.00 ns, 1.1208 us/op
WorkloadResult  63: 524288 op, 639300100.00 ns, 1.2194 us/op
WorkloadResult  64: 524288 op, 651773900.00 ns, 1.2432 us/op
WorkloadResult  65: 524288 op, 565598200.00 ns, 1.0788 us/op
WorkloadResult  66: 524288 op, 534383300.00 ns, 1.0193 us/op
WorkloadResult  67: 524288 op, 628020800.00 ns, 1.1979 us/op
WorkloadResult  68: 524288 op, 583113200.00 ns, 1.1122 us/op
WorkloadResult  69: 524288 op, 557433500.00 ns, 1.0632 us/op
WorkloadResult  70: 524288 op, 640745700.00 ns, 1.2221 us/op
WorkloadResult  71: 524288 op, 601007900.00 ns, 1.1463 us/op
WorkloadResult  72: 524288 op, 628291600.00 ns, 1.1984 us/op
WorkloadResult  73: 524288 op, 636009800.00 ns, 1.2131 us/op
WorkloadResult  74: 524288 op, 555195400.00 ns, 1.0590 us/op
WorkloadResult  75: 524288 op, 569957600.00 ns, 1.0871 us/op
WorkloadResult  76: 524288 op, 560192800.00 ns, 1.0685 us/op
WorkloadResult  77: 524288 op, 629936300.00 ns, 1.2015 us/op
WorkloadResult  78: 524288 op, 731623300.00 ns, 1.3955 us/op
WorkloadResult  79: 524288 op, 689110600.00 ns, 1.3144 us/op
WorkloadResult  80: 524288 op, 723819700.00 ns, 1.3806 us/op
WorkloadResult  81: 524288 op, 681710700.00 ns, 1.3003 us/op
WorkloadResult  82: 524288 op, 704608700.00 ns, 1.3439 us/op
WorkloadResult  83: 524288 op, 619494100.00 ns, 1.1816 us/op
WorkloadResult  84: 524288 op, 719330400.00 ns, 1.3720 us/op
WorkloadResult  85: 524288 op, 642757400.00 ns, 1.2260 us/op
WorkloadResult  86: 524288 op, 693567700.00 ns, 1.3229 us/op
WorkloadResult  87: 524288 op, 688685700.00 ns, 1.3136 us/op
WorkloadResult  88: 524288 op, 684137800.00 ns, 1.3049 us/op
WorkloadResult  89: 524288 op, 667917400.00 ns, 1.2740 us/op
WorkloadResult  90: 524288 op, 725693300.00 ns, 1.3842 us/op
WorkloadResult  91: 524288 op, 680960700.00 ns, 1.2988 us/op
WorkloadResult  92: 524288 op, 655594600.00 ns, 1.2504 us/op
WorkloadResult  93: 524288 op, 687126300.00 ns, 1.3106 us/op
WorkloadResult  94: 524288 op, 712923000.00 ns, 1.3598 us/op
WorkloadResult  95: 524288 op, 745217300.00 ns, 1.4214 us/op
WorkloadResult  96: 524288 op, 754660700.00 ns, 1.4394 us/op
WorkloadResult  97: 524288 op, 764757600.00 ns, 1.4587 us/op
WorkloadResult  98: 524288 op, 752117000.00 ns, 1.4345 us/op
WorkloadResult  99: 524288 op, 758964900.00 ns, 1.4476 us/op
WorkloadResult  100: 524288 op, 761034400.00 ns, 1.4516 us/op
// GC:  106 0 0 889210976 524288
// Threading:  0 0 524288

// AfterAll
// Benchmark Process 49636 has exited with code 0.

Mean = 1.173 μs, StdErr = 0.013 μs (1.08%), N = 100, StdDev = 0.126 μs
Min = 0.967 μs, Q1 = 1.063 μs, Median = 1.169 μs, Q3 = 1.243 μs, Max = 1.459 μs
IQR = 0.180 μs, LowerFence = 0.793 μs, UpperFence = 1.513 μs
ConfidenceInterval = [1.130 μs; 1.215 μs] (CI 99.9%), Margin = 0.043 μs (3.65% of Mean)
Skewness = 0.52, Kurtosis = 2.28, MValue = 3.2

// ** Remained 0 (0.0%) benchmark(s) to run. Estimated finish 2026-01-02 20:53 (0h 0m from now) **
Successfully reverted power plan (GUID: 9935e61f-1661-40c5-ae2f-8495027d5d5d FriendlyName: AMD Ryzen™ High Performance)
// ***** BenchmarkRunner: Finish  *****

// * Export *
  BenchmarkDotNet.Artifacts\results\Changelog.Benchmarks.SqliteBenchmarks-report.csv
  BenchmarkDotNet.Artifacts\results\Changelog.Benchmarks.SqliteBenchmarks-report-github.md
  BenchmarkDotNet.Artifacts\results\Changelog.Benchmarks.SqliteBenchmarks-report.html

// * Detailed results *
SqliteBenchmarks.GetDocumentAsync: DefaultJob [ChangeCount=10000, GroupSize=1000, StorageMode=sqlite]
Runtime = .NET 10.0.1 (10.0.125.57005), X64 RyuJIT AVX2; GC = Concurrent Workstation
Mean = 64.106 μs, StdErr = 0.545 μs (0.85%), N = 97, StdDev = 5.363 μs
Min = 56.875 μs, Q1 = 59.552 μs, Median = 62.476 μs, Q3 = 67.178 μs, Max = 78.179 μs
IQR = 7.626 μs, LowerFence = 48.113 μs, UpperFence = 78.617 μs
ConfidenceInterval = [62.258 μs; 65.955 μs] (CI 99.9%), Margin = 1.849 μs (2.88% of Mean)
Skewness = 0.73, Kurtosis = 2.48, MValue = 2.28
-------------------- Histogram --------------------
[55.343 μs ; 58.122 μs) | @@@@
[58.122 μs ; 61.186 μs) | @@@@@@@@@@@@@@@@@@@@@@@@@@@@@@@@@@@@
[61.186 μs ; 64.826 μs) | @@@@@@@@@@@@@@@@
[64.826 μs ; 68.215 μs) | @@@@@@@@@@@@@@@@@@@@
[68.215 μs ; 71.794 μs) | @@@@@@@@
[71.794 μs ; 74.858 μs) | @@@@@@@@@
[74.858 μs ; 78.218 μs) | @@@@
---------------------------------------------------

SqliteBenchmarks.GetDocumentAsync: DefaultJob [ChangeCount=10000, GroupSize=1000, StorageMode=sqlite+cache]
Runtime = .NET 10.0.1 (10.0.125.57005), X64 RyuJIT AVX2; GC = Concurrent Workstation
Mean = 1.169 μs, StdErr = 0.012 μs (1.00%), N = 100, StdDev = 0.117 μs
Min = 0.979 μs, Q1 = 1.054 μs, Median = 1.186 μs, Q3 = 1.251 μs, Max = 1.401 μs
IQR = 0.197 μs, LowerFence = 0.758 μs, UpperFence = 1.547 μs
ConfidenceInterval = [1.129 μs; 1.208 μs] (CI 99.9%), Margin = 0.040 μs (3.40% of Mean)
Skewness = -0.05, Kurtosis = 1.87, MValue = 3
-------------------- Histogram --------------------
[0.975 μs ; 1.041 μs) | @@@@@@@@@@@@@@@@@@@@@@@
[1.041 μs ; 1.118 μs) | @@@@@@@@@@
[1.118 μs ; 1.188 μs) | @@@@@@@@@@@@@@@@@
[1.188 μs ; 1.254 μs) | @@@@@@@@@@@@@@@@@@@@@@@@@@
[1.254 μs ; 1.324 μs) | @@@@@@@@@@@@@@
[1.324 μs ; 1.403 μs) | @@@@@@@@@@
---------------------------------------------------

SqliteBenchmarks.GetDocumentAsync: DefaultJob [ChangeCount=100000, GroupSize=1000, StorageMode=sqlite]
Runtime = .NET 10.0.1 (10.0.125.57005), X64 RyuJIT AVX2; GC = Concurrent Workstation
Mean = 75.744 μs, StdErr = 0.471 μs (0.62%), N = 99, StdDev = 4.684 μs
Min = 66.134 μs, Q1 = 72.272 μs, Median = 75.797 μs, Q3 = 79.649 μs, Max = 85.993 μs
IQR = 7.377 μs, LowerFence = 61.207 μs, UpperFence = 90.715 μs
ConfidenceInterval = [74.147 μs; 77.341 μs] (CI 99.9%), Margin = 1.597 μs (2.11% of Mean)
Skewness = -0.08, Kurtosis = 2.25, MValue = 3.2
-------------------- Histogram --------------------
[65.906 μs ; 68.752 μs) | @@@@@@@
[68.752 μs ; 71.473 μs) | @@@@@@@@@@@
[71.473 μs ; 74.471 μs) | @@@@@@@@@@@@@@@@@@@
[74.471 μs ; 77.129 μs) | @@@@@@@@@@@@@@@@@@@@@@@@@
[77.129 μs ; 78.984 μs) | @@@@@@
[78.984 μs ; 81.642 μs) | @@@@@@@@@@@@@@@@@@@@@
[81.642 μs ; 84.171 μs) | @@@@@@@
[84.171 μs ; 87.322 μs) | @@@
---------------------------------------------------

SqliteBenchmarks.GetDocumentAsync: DefaultJob [ChangeCount=100000, GroupSize=1000, StorageMode=sqlite+cache]
Runtime = .NET 10.0.1 (10.0.125.57005), X64 RyuJIT AVX2; GC = Concurrent Workstation
Mean = 1.090 μs, StdErr = 0.009 μs (0.86%), N = 100, StdDev = 0.094 μs
Min = 0.958 μs, Q1 = 1.014 μs, Median = 1.066 μs, Q3 = 1.162 μs, Max = 1.373 μs
IQR = 0.147 μs, LowerFence = 0.793 μs, UpperFence = 1.383 μs
ConfidenceInterval = [1.058 μs; 1.122 μs] (CI 99.9%), Margin = 0.032 μs (2.92% of Mean)
Skewness = 0.75, Kurtosis = 2.58, MValue = 2.79
-------------------- Histogram --------------------
[0.932 μs ; 0.988 μs) | @@@@@@@@
[0.988 μs ; 1.042 μs) | @@@@@@@@@@@@@@@@@@@@@@@@@@@@@@@@@
[1.042 μs ; 1.099 μs) | @@@@@@@@@@@@@@@@@@@@@@@@@
[1.099 μs ; 1.128 μs) | @@@
[1.128 μs ; 1.181 μs) | @@@@@@@@@
[1.181 μs ; 1.245 μs) | @@@@@@@@@@@@@@@@
[1.245 μs ; 1.293 μs) | @@@@
[1.293 μs ; 1.347 μs) | @
[1.347 μs ; 1.400 μs) | @
---------------------------------------------------

SqliteBenchmarks.GetDocumentAsync: DefaultJob [ChangeCount=1000000, GroupSize=1000, StorageMode=sqlite]
Runtime = .NET 10.0.1 (10.0.125.57005), X64 RyuJIT AVX2; GC = Concurrent Workstation
Mean = 66.610 μs, StdErr = 0.624 μs (0.94%), N = 100, StdDev = 6.238 μs
Min = 58.821 μs, Q1 = 61.440 μs, Median = 64.654 μs, Q3 = 71.479 μs, Max = 85.296 μs
IQR = 10.040 μs, LowerFence = 46.380 μs, UpperFence = 86.539 μs
ConfidenceInterval = [64.494 μs; 68.726 μs] (CI 99.9%), Margin = 2.116 μs (3.18% of Mean)
Skewness = 0.78, Kurtosis = 2.57, MValue = 2.56
-------------------- Histogram --------------------
[57.057 μs ; 59.644 μs) | @@@@@
[59.644 μs ; 63.171 μs) | @@@@@@@@@@@@@@@@@@@@@@@@@@@@@@@@
[63.171 μs ; 67.026 μs) | @@@@@@@@@@@@@@@@@@@@@@@@@@
[67.026 μs ; 70.590 μs) | @@@@@@@@@@
[70.590 μs ; 73.342 μs) | @@@@@@
[73.342 μs ; 76.870 μs) | @@@@@@@@@@@@@@
[76.870 μs ; 80.659 μs) | @@@@@@
[80.659 μs ; 83.532 μs) | 
[83.532 μs ; 87.060 μs) | @
---------------------------------------------------

SqliteBenchmarks.GetDocumentAsync: DefaultJob [ChangeCount=1000000, GroupSize=1000, StorageMode=sqlite+cache]
Runtime = .NET 10.0.1 (10.0.125.57005), X64 RyuJIT AVX2; GC = Concurrent Workstation
Mean = 1.173 μs, StdErr = 0.013 μs (1.08%), N = 100, StdDev = 0.126 μs
Min = 0.967 μs, Q1 = 1.063 μs, Median = 1.169 μs, Q3 = 1.243 μs, Max = 1.459 μs
IQR = 0.180 μs, LowerFence = 0.793 μs, UpperFence = 1.513 μs
ConfidenceInterval = [1.130 μs; 1.215 μs] (CI 99.9%), Margin = 0.043 μs (3.65% of Mean)
Skewness = 0.52, Kurtosis = 2.28, MValue = 3.2
-------------------- Histogram --------------------
[0.931 μs ; 1.017 μs) | @@@@
[1.017 μs ; 1.089 μs) | @@@@@@@@@@@@@@@@@@@@@@@@@@@@@@@@@@@
[1.089 μs ; 1.167 μs) | @@@@@@@@@@@
[1.167 μs ; 1.251 μs) | @@@@@@@@@@@@@@@@@@@@@@@@@@@
[1.251 μs ; 1.323 μs) | @@@@@@@@@@@
[1.323 μs ; 1.380 μs) | @@@
[1.380 μs ; 1.452 μs) | @@@@@@@@
[1.452 μs ; 1.494 μs) | @
---------------------------------------------------

// * Summary *

BenchmarkDotNet v0.14.0, Windows 11 (10.0.26100.7462)
AMD Ryzen 7 3700X, 1 CPU, 16 logical and 8 physical cores
.NET SDK 10.0.101
  [Host]     : .NET 10.0.1 (10.0.125.57005), X64 RyuJIT AVX2
  DefaultJob : .NET 10.0.1 (10.0.125.57005), X64 RyuJIT AVX2


| Method           | ChangeCount | GroupSize | StorageMode  | Mean      | Error     | StdDev    | Median    | Gen0   | Allocated |
|----------------- |------------ |---------- |------------- |----------:|----------:|----------:|----------:|-------:|----------:|
| GetDocumentAsync | 10000       | 1000      | sqlite       | 64.106 μs | 1.8486 μs | 5.3633 μs | 62.476 μs | 0.2441 |   2.92 KB |
| GetDocumentAsync | 10000       | 1000      | sqlite+cache |  1.169 μs | 0.0397 μs | 0.1171 μs |  1.186 μs | 0.2022 |   1.66 KB |
| GetDocumentAsync | 100000      | 1000      | sqlite       | 75.744 μs | 1.5970 μs | 4.6838 μs | 75.797 μs | 0.2441 |   2.92 KB |
| GetDocumentAsync | 100000      | 1000      | sqlite+cache |  1.090 μs | 0.0319 μs | 0.0940 μs |  1.066 μs | 0.2022 |   1.66 KB |
| GetDocumentAsync | 1000000     | 1000      | sqlite       | 66.610 μs | 2.1157 μs | 6.2382 μs | 64.654 μs | 0.2441 |   2.92 KB |
| GetDocumentAsync | 1000000     | 1000      | sqlite+cache |  1.173 μs | 0.0428 μs | 0.1263 μs |  1.169 μs | 0.2022 |   1.66 KB |

// * Warnings *
MultimodalDistribution
  SqliteBenchmarks.GetDocumentAsync: Default -> It seems that the distribution can have several modes (mValue = 3)
  SqliteBenchmarks.GetDocumentAsync: Default -> It seems that the distribution can have several modes (mValue = 3.2)

// * Hints *
Outliers
  SqliteBenchmarks.GetDocumentAsync: Default -> 3 outliers were removed (80.32 μs..88.89 μs)
  SqliteBenchmarks.GetDocumentAsync: Default -> 1 outlier  was  removed (95.08 μs)

// * Legends *
  ChangeCount : Value of the 'ChangeCount' parameter
  GroupSize   : Value of the 'GroupSize' parameter
  StorageMode : Value of the 'StorageMode' parameter
  Mean        : Arithmetic mean of all measurements
  Error       : Half of 99.9% confidence interval
  StdDev      : Standard deviation of all measurements
  Median      : Value separating the higher half of all measurements (50th percentile)
  Gen0        : GC Generation 0 collects per 1000 operations
  Allocated   : Allocated memory per single operation (managed only, inclusive, 1KB = 1024B)
  1 μs        : 1 Microsecond (0.000001 sec)

// * Diagnostic Output - MemoryDiagnoser *


// ***** BenchmarkRunner: End *****
Run time: 00:06:47 (407.99 sec), executed benchmarks: 6

Global total time: 00:07:01 (421.25 sec), executed benchmarks: 6
// * Artifacts cleanup *
Artifacts cleanup is finished
